TEST_NAME,RESULT_UOM_NM,count
TP (TOTAL PROTEIN),g/dL,54135
CRE (CREATININE),mg/dL,52825
ALB (ALBUMIN),g/dL,52363
CA (CALCIUM),mg/dL,51299
RDW,%,48201
ANION (ANION GAP),mmol/L,45342
GLOB (GLOBULIN),g/dL,45162
SGOT (AST),U/L,44337
SGPT (ALT),U/L,44293
TBILI (TOTAL BILIRUBIN),mg/dL,44283
ALKP (ALKALINE PHOSPHATASE),U/L,44242
K (POTASSIUM),mmol/L,44236
SODIUM,mmol/L,43609
CL (CHLORIDE),mmol/L,43523
GFR (EGFR),mL/min/1.73m2,43383
HCT,%,42962
MCH,pg,42960
MCHC,g/dL,42960
MCV,fL,42960
GLU (GLUCOSE),mg/dL,42773
BUN,mg/dL,42757
HGB,g/dL,42633
CO2,mmol/L,42604
PLT,K/uL,42040
RBC,M/uL,42035
WBC,K/uL,42034
NRBCA (ABSOLUTE NRBC),K/uL,40768
NRBCPCT (NRBC),/100 WBCs,40766
PSAMON (PROSTATE SPECIFIC AG),ng/mL,40586
LYMP (LYMPHS),%,39672
ALYMP (ABSOLUTE LYMPHS),K/uL,39672
ANEU (ABSOLUTE NEUTS),K/uL,39672
NEUT (NEUTS),%,39672
AMONS (ABSOLUTE MONOS),K/uL,39670
MON (MONOS),%,39670
EOSP (EOS),%,39653
AEOSN (ABSOLUTE EOS),K/uL,39653
ABASOP (ABSOLUTE BASOS),K/uL,39648
BASOS,%,39648
MVP (MPV),fl,39150
TES (TESTOSTERONE),ng/dL,22855
MG (MAGNESIUM),mg/dL,12883
PHOS (PHOSPHORUS),mg/dL,10499
LYMPH (LYMPHS),%,10233
PSAR (PROSTATE SPEC ANTIGEN),ng/mL,10146
IMMGRANPCT (% IMMATURE GRANS),%,9653
IMMGRAN (ABS IMMATURE GRANS),K/uL,9653
ALK (ALK P`TASE),U/L,8790
SGOT,U/L,8769
SGPT,U/L,8765
EGFR,mL/min/1.73m2,8663
PBUN (BUN),mg/dL,8609
GLOB (GLOBULIN),G/DL,8192
"TBILI (BILI, TOTAL)",mg/dL,7770
EOS,%,7688
PGLU (GLUCOSE),mg/dL,7525
PK (POTASSIUM),mmol/L,7502
HCT (HEMATOCRIT),%,7455
PNA (SODIUM),mmol/L,7437
PCL (CHLORIDE),mmol/L,7432
PLCO2 (CO2),mmol/L,7432
DBILI (DIRECT BILIRUBIN),mg/dL,7164
HGB (HEMOGLOBIN),GM/DL,7047
WBC (WBC COUNT),K/UL,7046
RBC (RBC COUNT),M/UL,7043
PLT (PLATELET),K/UL,7043
MCH,PG,7043
MCV,FL,7043
ALYMPH (ABSOLUTE LYMPHS),K/UL,6602
MONO,%,6588
AMONO (ABSOLUTE MONOS),K/UL,6537
AEOS (ABSOLUTE EOS),K/UL,6446
ABASO (ABSOLUTE BASOS),K/UL,6393
BASO,%,6393
ANEUT (ABSOLUTE NEUTS),K/UL,6299
NEUT (NEUTROPHILS),%,6299
BLAST (BLASTS),%,6000
MCHC,%,5973
LDH,U/L,5973
"TES (TESTOSTERONE, TOTAL)",ng/dL,4087
ANEUT (ABSOLUTE NEUTS),K/uL,3629
ALYMPH (ABSOLUTE LYMPHS),K/uL,3628
AMONO (ABSOLUTE MONOS),K/uL,3623
TSH,uIU/mL,3429
TRIG (TRIGLYCERIDES),mg/dL,3120
CHOL (CHOLESTEROL),mg/dL,3088
QTINT (QT INTERVAL),ms,2972
QRSAXIS (QRS DURATION),ms,2972
R (R AXIS),degrees,2972
TWAVEAXIS (T WAVE AXIS),degrees,2972
QTCINT (QTC INTERVAL),ms,2972
VR (VENTRICULAR RATE EKG/MIN),BPM,2972
ARATE (ATRIAL RATE),BPM,2956
VLDL,mg/dL,2949
PRINT (PR INTERVAL),ms,2808
PAXIS (P AXIS),degrees,2782
PT,sec,2666
HDL,mg/dL,2564
LDLCAL (CALCULATED LDL),mg/dL,2562
MVP (MPV),fL,2516
POLY (NEUTS (MANUAL)),%,2393
MONO (MONOS),%,2383
"DBILI (BILI, DIRECT)",mg/dL,2294
EO (EOSINOPHIL),%,2266
AEO (ABSOLUTE EOS),K/uL,2265
BASO (BASOPHIL),%,2240
ABASO (ABSOLUTE BASO),K/uL,2240
URIC (URIC ACID),mg/dL,2178
BLASTS,%,2167
ABLAST (ABSOLUTE BLASTS),K/uL,2163
UASRBC (RBC),/hpf,2105
UASWBC (WBC),/hpf,2105
TESTT (TOTAL TESTOSTERONE),ng/dL,1834
PTT (APTT),sec,1810
AMY (AMYLASE),U/L,1694
PSA (PSA SCREENING),ng/mL,1683
PSAR (PROSTATE SPECIFIC AG),ng/mL,1640
PSAMON (PSA MONITORING),ng/mL,1515
ALK (ALKALINE PHOSPHATASE),U/L,1504
UASMUC (MUCUS),/hpf,1470
FREET4 (FREE T4),ng/dL,1459
PSA (PSA MONITORING (OLD)),ng/mL,1407
GLU (GLUCOSE RANDOM),mg/dL,1373
GHBA1C (HEMOGLOBIN A1C),%,1332
SGPT (ALANINE AMINOTRANSFERASE),U/L,1281
BAND (BANDS),%,1281
MPV,fl,1261
NRBCMI (NUCLEATED RBC MANUAL),/100 WBCs,1261
NRBCAB (Absolute NRBC),K/uL,1261
ABANDS (ABSOLUTE BANDS),K/uL,1254
AEOS (ABSOLUTE EOS),K/uL,1242
MONO (Monos),%,1242
NEUT (Neuts),%,1242
ABASO (ABSOLUTE BASOS),K/uL,1242
BASO (Basos),%,1242
NRBCP (Nucleated RBC),/100 WBCs,1241
GGT,U/L,1240
UASBACT (BACTERIA),/hpf,1204
LIPS (LIPASE),U/L,1125
ANCAB (ABSOLUTE NEUTROPHIL COUNT),K/uL,1109
AMETAS (ABSOLUTE METAS),K/uL,1092
META (METAS),%,1074
MCHC,gm/dL,1070
ABLST (ABSOLUTE BLASTS),K/UL,1058
CO2 (CARBON DIOXIDE),mmol/L,1002
"TBILI (BILI, TOTAL)",MG/DL,983
PLT,10*3/uL,927
WBC,10*3/uL,924
RBC,10*6/uL,924
RDW (RDW-CV),%,923
"TOTTES (TESTOSTERONE, TOTAL)",ng/dL,923
BUN (BLOOD UREA NITROGEN),mg/dL,921
CRE (SERUM CREATININE),mg/dL,921
NRBCA (NRBC ABS AUTO),10*3/uL,919
NRBCPCT (NRBC PCT AUTO),%,919
SGOT (ASPARTATE AMINO TRANSFERASE),U/L,916
TBILI (BILIRUBIN TOTAL),mg/dL,916
ALB (ALBUMIN LEVEL),g/dL,916
ANEUTS (NEUT ABS AUTO),10*3/uL,915
FER (FERRITIN),ug/L,894
ABASOS (BASO ABS AUTO),10*3/uL,834
POLYS (NEUT PCT AUTO),%,834
EOS (EOS PCT AUTO),%,834
AMONOS (MONO ABS AUTO),10*3/uL,834
IMMGRAN (I.G. PCT AUTO),%,834
ALYMPHS (LYMPH ABS AUTO),10*3/uL,834
IMMGRAN (I.G. ABS AUTO),10*3/uL,834
AEOS (EOS ABS AUTO),10*3/uL,834
MONOS (MONO PCT AUTO),%,834
BASOS (BASO PCT AUTO),%,834
LYMPHS (LYMP PCT AUTO),%,834
PSA (PROSTATE SPECIFIC ANTIGEN),ng/mL,814
FE (IRON),ug/dL,790
URBC (RBCS IN URINE),/HPF,785
UWBC (WBC IN URINE),/HPF,781
MYELO (MYELOS),%,780
AMYELOS (ABSOLUTE MYELOS),K/uL,778
MGLU (CALC MEAN BLD GLUC),mg/dL,760
MPV (MEAN PLT VALUE),fL,751
NRBCP (NUCLEATED RBCS),/100 WBC,728
"DBILI (BILI, DIRECT)",MG/DL,715
ROARSESSGIVN (RAD ONC ARIA REFERENCE POINT SESSION DOSAGE GIVEN),Gy,714
ROARDOSETODT (RAD ONC ARIA REFERENCE POINT DOSAGE GIVEN TO DATE),Gy,714
CPK (CREATINE KINASE),U/L,697
TES (TESTOSTERONE TOTAL),ng/dL,694
VITDT (25 OH VIT D (TOTAL)),ng/mL,670
CRE (CREATININE),MG/DL,613
PT,SECS,590
TIBC (IRON BINDING CAPACITY),ug/dL,581
ALB (ALBUMIN),GM/DL,577
PBUN (BUN),MG/DL,545
IGG (IMMUNOGLOBULIN G),mg/dL,542
CRE (CREATININE | CDR EHS LAB LRR),mg/dL,519
CA (CALCIUM | CDR EHS LAB LRR),mg/dL,518
K (POTASSIUM | CDR EHS LAB LRR),mmol/L,518
GFR (ESTIMATED GFR | CDR EHS LAB LRR),mL/min/1.73m^2,518
CEA,ng/mL,517
GLU (GLUCOSE | CDR EHS LAB LRR),mg/dL,517
ANION (ANION GAP | CDR EHS LAB LRR),mmol/L,517
CO2 (CO2 | CDR EHS LAB LRR),mmol/L,517
CL (CHLORIDE | CDR EHS LAB LRR),mmol/L,517
BUN (BUN | CDR EHS LAB LRR),mg/dL,517
SODIUM | CDR EHS LAB LRR,mmol/L,517
UUCRE (URINE CREATININE),mg/dL,512
GFRPOC (EGFR),mL/min/1.73m2,503
IGA,mg/dL,503
CREATPOC (CREATININE),mg/dl,503
IGM (IMMUNOGLOBULIN M),mg/dL,499
ALKP (ALK PHOS | CDR EHS LAB LRR),U/L,492
SGPT (ALT | CDR EHS LAB LRR),U/L,492
TP (TOTAL PROTEIN | CDR EHS LAB LRR),g/dL,492
TBILI (TOTAL BILIRUBIN | CDR EHS LAB LRR),mg/dL,492
ALB (ALBUMIN | CDR EHS LAB LRR),g/dL,492
SGOT (AST | CDR EHS LAB LRR),U/L,492
FESAT (TRANSFERRIN SATURAT.),%,485
"TUTPMGDL (URINE PROTEIN, MG/DL)",mg/dL,469
PK (POTASSIUM),MMOL/L,468
PCL (CHLORIDE),MMOL/L,468
PNA (SODIUM),MMOL/L,468
PLCO2 (CO2),MMOL/L,468
RETIC (RETIC (%)),%,467
B12 (VITAMIN B12),pg/mL,460
LIPASE,U/L,460
"CL (CL, CHLORIDE)",mmol/L,453
"NA,SODIUM",mmol/L,453
"CO2 (CO2, CARBON DIOXIDE)",mmol/L,453
CA (CALCIUM),mg/dl,453
"TBILI (BILIRUBIN,TOTAL)",mg/dl,449
SGOT (AST/SGOT),U/L,449
ALB (ALBUMIN),g/dl,449
ARETIC (RETIC (ABSOLUTE)),M/uL,449
"TP (TP, PROTEIN,TOTAL)",g/dL,447
UURO (UROBILINOGEN),mg/dL,445
UKETON (KETONES),mg/dL,445
UGLUCO (GLUCOSE),mg/dL,445
UBILE (BILI),mg/dL,445
UALB (PROTEIN),mg/dL,445
UBACT (BACTERIA),/HPF,444
ROAPPDOSEFRC (RAD ONC ARIA PLAN PRESCRIBED DOSE PER FRACTION),Gy,437
ROAPTDOSE (RAD ONC ARIA PLAN TOTAL PRESCRIBED DOSE),cGy,437
CA (CALCIUM),MG/DL,427
RETCP (RETIC (%)),%,412
"MCHC (MEAN CORPUSCULAR HGB,CONCENT)",g/dl,409
MCH (MEAN CORPUSCULAR HEMOGLOBIN),pg,409
HGB (HEMOGLOBIN),g/dl,409
RDW (RED CELL DISTRIBUTION WIDTH),%,409
MCV (MEAN CORPUSCULAR VOLUME),fl,409
RBC (RED BLOOD COUNT),X10 6/uL,409
TSH,mIU/L,404
HDLP (HDL),mg/dL,403
PGLU (GLUCOSE),MG/DL,398
"VTP (URINE PROTEIN, mg/dL)",mg/dL,389
PLT (PLATELET COUNT),X10 3/uL,382
WBC (WHITE BLOOD COUNT),X10 3/uL,382
"BUN (BUN, UREA NITROGEN BLOOD)",mg/dl,364
ALB (ALBUMIN | CDR MRMC LAB LRR),g/dL,361
ACTH,pg/mL,358
NRBC (NUCLEATED RBC%),/100 WBC,358
BUN (BLOOD UREA NITROGEN | CDR MRMC LAB LRR),mg/dL,356
TP (TOTAL PROTEIN | CDR MRMC LAB LRR),g/dL,354
SGOT (ASPARTATE AMINO TRANSF (AST/SGOT) | CDR MRMC LAB LRR),U/L,354
TBILI (TOTAL BILIRUBIN | CDR MRMC LAB LRR),mg/dL,354
SGPT (ALANINE AMINOTRANSFERASE (ALT/SGPT) | CDR MRMC LAB LRR),U/L,354
HCAST (HYALINE CAST),/lpf,354
CRE (CREATININE | CDR MRMC LAB LRR),mg/dL,354
K (POTASSIUM LEVEL | CDR MRMC LAB LRR),mmol/L,343
CA (CALCIUM LEVEL | CDR MRMC LAB LRR),mg/dL,342
CO2 (CARBON DIOXIDE LEVEL | CDR MRMC LAB LRR),mmol/L,341
UCRS (URINE CRYSTALS),/HPF,341
UEPI (URINE EPITHELIAL),/HPF,341
CL (CHLORIDE LEVEL | CDR MRMC LAB LRR),mmol/L,341
SODIUM LEVEL | CDR MRMC LAB LRR,mmol/L,341
ANION (ANION GAP | CDR MRMC LAB LRR),mmol/L,341
UCAS (URINE CASTS),/LPF,341
GLU (GLUCOSE LEVEL | CDR MRMC LAB LRR),mg/dL,341
HGB,10*6/uL,339
ESRB (SED RATE),MM/HR,339
RETCA (RETIC (ABSOLUTE)),M/UL,337
UURO (UROBILINOGEN),EHRL. UNITS/DL,337
UMUC (URINE MUCUS),/HPF,337
LH (LUTEINIZING HORMONE),IU/L,334
CLDL (LDL (CALCULATED)),mg/dL,332
EOS (EOSINOPHILS %),%,330
VCRE (URINE CREATININE     (May be o),mg/dL,330
LYMPHS (LYMPHOCYTE %),%,330
PLT (PLATELET COUNT | CDR MRMC HEM LRR),10*3/uL,327
RDW (RED CELL DISTRIBUTION WIDTH | CDR MRMC HEM LRR),%,327
MCHC (MEAN CORPUSCULAR HEMOGLOBIN CONCENT | CDR MRMC HEM LRR),g/dL,327
MCH (MEAN CORPUSCULAR HEMOGLOBIN | CDR MRMC HEM LRR),pg,327
HCT (HEMATOCRIT | CDR MRMC HEM LRR),%,327
HGB (HEMOGLOBIN | CDR MRMC HEM LRR),g/dL,327
RBC (RED BLOOD COUNT | CDR MRMC HEM LRR),10*6/uL,327
WBC (WHITE BLOOD COUNT | CDR MRMC HEM LRR),10*3/uL,327
ALKP (ALKALINE PHOSPHATASE | CDR MRMC LAB LRR),U/L,324
ANEUTS (ABSOLUTE NEUTROPHIL | CDR MRMC HEM LRR),10*3/uL,317
PTT,SECS,315
KAPFLC (FREE KAPPA LT CHAIN),mg/L,311
LFLC (FREE LAMBDA LT CHAIN),mg/L,311
MVP (MEAN PLATELET VOLUME | CDR MRMC HEM LRR),fL,306
POLY,%,303
POLYA (ABS POLYS),K/UL,303
T3TM (TOTAL T3),ng/dL,300
CA199 (CA 19-9),U/mL,300
CRPT (C REACTIVE PROTEIN),mg/L,296
ABASOP (BASOPHILS # (AUTO)),X10 3/uL,284
ALYMP (LYMPHOCYTES # (AUTO)),X10 3/uL,284
BASOS (BASOPHILS % (AUTO)),%,284
MONOS (MONOCYTES % (AUTO)),%,284
AEOSN (EOSINOPHILS # (AUTO)),X10 3/uL,284
ANEU (NEUTROPHILS # (AUTO)),X10 3/uL,284
IMMGRAN (IMMATURE GRANULOCYTES % (AUTO)),%,284
IMMGRAN (IMMATURE GRANULOCYTES # (AUTO)),X10 3/uL,284
POLYS (NEUTROPHILS % (AUTO)),%,284
AMONS (MONOCYTES # (AUTO)),X10 3/uL,284
PSA (PROSTATE SPECIFIC ANTIGEN),ng/ml,274
HBA1C1 (HEMOGLOBIN A1C),%,271
IMMGRAN (IMMATURE GRANULOCYTES # | CDR MRMC HEM LRR),10*3/uL,269
IMMGRANPCT (IMMATURE GRANULOCYTES % | CDR MRMC HEM LRR),%,269
ABASOS (ABSOLUTE BASOPHILS (CBC) | CDR MRMC HEM LRR),10*3/uL,267
BASOS (BASOPHILS % | CDR MRMC HEM LRR),%,267
MONOS (MONOCYTES % | CDR MRMC HEM LRR),%,267
AEOS (EOSINOPHILS % | CDR MRMC HEM LRR),%,267
ALYMPHS (ABSOLUTE LYMPHOCYTES (CBC) | CDR MRMC HEM LRR),10*3/uL,267
AEOS (ABSOLUTE EOSINOPHILS (CBC) | CDR MRMC HEM LRR),10*3/uL,267
POLYS (NEUTROPHILS % | CDR MRMC HEM LRR),%,267
LYMPHS (LYMPHOCYTES % | CDR MRMC HEM LRR),%,267
GGTL (GGTP),U/L,264
UASSQUA (SQUAMOUS CELLS),/hpf,259
"M125VD (1,25 (OH)2 VITAMIN D)",pg/mL,255
VITDT (25 OH VITAMIN D),ng/mL,254
T4 (THYROXINE),ug/dL,247
ESR,mm/h,246
T4,UG/DL,245
MCV (MEAN CORPUSCULAR VOLUME | CDR MRMC HEM LRR),fl,243
NRBCPCT (NUCLEATED RED BLOOD CELLS/100 WBC |CDR MRMC HEM LRR),/100 WBC,241
CPK,U/L,238
7000009919 (NUCLEATED RED BLOOD CELLS # |CDR MRMC HEM LRR),10*3/uL,237
T3 (TOTAL T3),ng/dL,222
FT3ML (FREE T3),pg/mL,205
BPT (PT (BWH)),SEC,204
AMONOS (ABSOLUTE MONOCYTES (CBC) | CDR MRMC HEM LRR),10*3/uL,199
GLUPOC (WHOLE BLOOD GLUCOSE),mg/dL,190
FIB (FIBRINOGEN),mg/dL,190
DMNEUT (NEUTS (MANUAL)),%,188
BANDS,%,184
MLYMPH (LYMPHS),%,184
MMONO (MONOS),%,184
BPTT (PTT (BWH)),SECS,183
MBASO (BASOPHIL),%,177
MEOS (EOSINOPHIL),%,176
PSAFREE (FREE PSA),ng/mL,168
"PSAPCTF (PSA, PERCENT FREE)",%,168
FOLATE (FOLIC ACID),ng/mL,163
SQUAM (SQUAMOUS CELLS),/HPF,160
AMONOS (MONOCYTE NO. | CDR EHS HEM LRR),10^3/uL,158
MCH (MCH | CDR EHS HEM LRR),pg,158
POLYS (NEUTROPHILS | CDR EHS HEM LRR),%,158
ALYMPHS (LYMPHOCYTE NO. | CDR EHS HEM LRR),10^3/uL,158
MONOS (MONOCYTES | CDR EHS HEM LRR),%,158
MCV (MCV | CDR EHS HEM LRR),fl,158
HCT (HEMATOCRIT | CDR EHS HEM LRR),%,158
HGB (HEMOGLOBIN | CDR EHS HEM LRR),g/dl,158
LYMPHS (LYMPHOCYTES | CDR EHS HEM LRR),%,158
ANEUTS (NEUTROPHIL NO. | CDR EHS HEM LRR),10^3/uL,158
RDW (RDW | CDR EHS HEM LRR),%,158
PLT (PLATELET COUNT | CDR EHS HEM LRR),10^3/uL,158
RBC (RBC COUNT | CDR EHS HEM LRR),10^6/uL,158
WBC (WBC COUNT | CDR EHS HEM LRR),10^3/uL,158
MCHC (MCHC | CDR EHS HEM LRR),g/dl,158
ABANDS (ABSOLUTE BANDS),K/UL,153
B2M (BETA 2 MICROGLOBULIN),mg/L,144
"PSAULT (PROSTATE SPECIFIC AG, ULTRA-SENSITV | CDR MRMC LAB LRR)",ng/mL,137
ABASOS (BASOPHIL NO. | CDR EHS HEM LRR),10^3/uL,131
AEOS (EOSINOPHIL NO. | CDR EHS HEM LRR),10^3/uL,131
BASOS (BASOPHILS | CDR EHS HEM LRR),%,131
EOS (EOSINOPHILS | CDR EHS HEM LRR),%,131
PSA (PSA SCREEN),ng/mL,127
FTES (FREE TESTOSTERONE),ng/dL,123
PROMYELO,%,123
ATYPS (REACTIVE LYMPHS),%,121
"125OH2VITD3 (1,25 (OH)2 VITAMIN D)",pg/mL,121
BUN (BUN | CDR SSHCC LAB LRR),mg/dL,114
CRE (CREATININE | CDR SSHCC LAB LRR),mg/dL,114
WBCCMICRO (WBC CLUMPS),/hpf,113
"HBSAB (HBS ANTIBODY,QUANT)",mIU/mL,113
PTH (PARATHYROID HORMONE),pg/mL,112
CL (CHLORIDE | CDR SSHCC LAB LRR),mEq/L,111
CO2 (CO2 | CDR SSHCC LAB LRR),mEq/L,111
CA (CALCIUM | CDR SSHCC LAB LRR),mg/dL,111
K (POTASSIUM | CDR SSHCC LAB LRR),mEq/L,111
SODIUM | CDR SSHCC LAB LRR,mEq/L,111
GLU (GLUCOSE | CDR SSHCC LAB LRR),mg/dL,111
TES (TESTOSTERONE LEVEL | CDR MRMC LAB LRR),ng/dL,110
GFR (EGFR (MDRD) | CDR SSHCC LAB LRR),ml/min,109
NTBNP (NT-PROBNP),pg/mL,109
TP (TOTAL PROTEIN | CDR SSHCC LAB LRR),g/dL,108
ALB (ALBUMIN | CDR SSHCC LAB LRR),g/dL,108
ALKP (ALKALINE PHOSPHATASE | CDR SSHCC LAB LRR),U/L,108
HAP (HAPTOGLOBIN),mg/dL,108
TBILI (TOTAL BILIRUBIN | CDR SSHCC LAB LRR),mg/dL,108
URBC (RBC),/hpf,107
IGG (QUANTITATIVE IGG (ADULT)),mg/dL,107
PROMABS (ABS PROMYELOCYTES),K/uL,107
UWBC (WBC),/hpf,107
MAMONO (ABSOLUTE MONOS),K/uL,106
MALYM (ABSOLUTE LYMPHS),K/uL,106
DMANUT (ABSOLUTE NEUTS),K/uL,106
AEOSM (ABSOLUTE EOS),K/uL,106
ABLST (ABSOLUTE BLASTS),K/uL,105
MABASO (ABSOLUTE BASO),K/uL,105
GLOB (GLOBULIN | CDR SSHCC LAB LRR),g/dL,105
SGPT (ALT | CDR SSHCC LAB LRR),U/L,105
SGOT (AST | CDR SSHCC LAB LRR),U/L,105
AGRTO (A/G RATIO | CDR SSHCC LAB LRR),Ratio,105
HGBEQU (RETIC HGB EQUIV),pg,101
TIBC (TOT IRON BINDING CAP),ug/dL,101
"HSCRP (CRP, HIGH SENSITIVITY)",mg/L,100
B2MIC (BETA 2 MICROGLOBIN),mg/L,99
GRMALB (URINE MICROALBUMIN),mg/dL,98
MALBCRE (MALB/CRE),mg/Alb/g Cre,98
UIBCU (UIBC),ug/dL,95
METAS,%,95
FSH,IU/L,95
CHRMGA (CHROMOGRANIN A),ng/mL,94
PSAT (PSA SCREEN),ng/mL,92
"BUN (BUN, UREA NITROGEN BLOOD)",mg/dL,90
UTVOL (URINE VOLUME),mL,89
TEST (TESTOSTERONE [BLOOD]),ng/dL,87
25HVITD2 (25 OH VIT D2),ng/mL,86
25VITD (25 OH VIT D3),ng/mL,86
OTHERS (OTHER CELLS),%,86
OTHCELLS (ABSOLUTE OTHER CELLS),K/uL,85
MG (MAGNESIUM LEVEL | CDR MRMC LAB LRR),mg/dL,85
"TP (PROTEIN, TOTAL)",g/dL,84
CORT (CORTISOL),ug/dL,84
SGPT (ALT/SGPT),U/L,84
MCV (MEAN CORPUSCULAR VOLUME | CDR MRMC HEM LRR),fL,84
UCRE (UR CREATININE),mg/dL,83
GFR (GLOMERULAR FILTRATION RATE ML/MIN/1.73 SQ M.PREDICTED),mL/min/1.73m*2,82
PTT (aPTT),sec,82
CL (CHLORIDE (MMOL/L) IN SER/PLAS),mmol/L,82
CMVDNAIU (CMV VIRAL LOAD),IU/mL,82
BUN (UREA NITROGEN (MG/DL) IN SER/PLAS),mg/dL,82
ANION (ANION GAP IN SER/PLAS),mmol/L,82
ALTP5P (ALT),U/L,80
"TBILI (BILIRUBIN, TOTAL)",mg/dL,80
ALYMPH (LYMPHOCYTE #),X10 3/uL,79
AMONO (MONOCYTES #),X10 3/uL,79
UMUC (Mucus),/hpf,79
MAMONO (ABSOLUTE MONOS),K/UL,78
DMANUT (ABSOLUTE NEUTS),K/UL,78
MALYM (ABSOLUTE LYMPHS),K/UL,78
AATYP (ABS REACTIVE LYMPHS),K/UL,77
AMETAS (ABSOLUTE METAS),K/UL,76
IGM (QUANTITATIVE IGM (ADULT)),mg/dL,76
INS (INSULIN),mcIU/mL,74
MABASO (ABSOLUTE BASO),K/UL,72
HCT (HEMATOCRIT | CDR SSHCC HEM LRR),%,71
RETCA (RETIC (ABSOLUTE)),M/uL,71
CMVDNAC (CMV VIRAL LOAD LOG 10),log IU/mL,71
HGB (HEMOGLOBIN | CDR SSHCC HEM LRR),g/dL,71
IGA (QUANTITATIVE IGA (ADULT)),mg/dL,71
DFPLTE (PLATELET ESTIMATE),K/UL,71
AEOSM (ABSOLUTE EOS),K/UL,70
DFIBC (TOTAL IRON BINDING CAPACITY),ug/dL,70
CLDL (CALCULATED LDL),mg/dL,70
CORT (CORTISOL),ug/dl,69
UNA (URINE SODIUM),mmol/L,69
AMONOS (ABSOLUTE MONOCYTES (CBC) | CDR MRMC HEM LRR),10*3uL,68
ERYPOI (ERYTHROPOIETIN),mIU/mL,67
ESRB (ESR),mm/h,66
MVP (MPV | CDR SSHCC HEM LRR),fL,65
FSPDD (D-DIMER),ng/mL,65
RDW (RDW | CDR SSHCC HEM LRR),%,65
MCHC (MCHC | CDR SSHCC HEM LRR),g/dL,65
PLT (PLATELET COUNT | CDR SSHCC HEM LRR),K/ul,65
WBC (WBC COUNT | CDR SSHCC HEM LRR),K/uL,65
MCH (MCH | CDR SSHCC HEM LRR),pg,65
PSA (PSA | CDR SSHCC LAB LRR),ng/ml,65
RBC (RBC COUNT | CDR SSHCC HEM LRR),M/uL,65
MCV (MCV | CDR SSHCC HEM LRR),fL,65
VCRE (URINE CREATININE),mg/dL,63
HCAST (HYALINE CAST),/LPF,63
CYSTATC (CYSTATIN C),mg/L,63
GFRCYSTATINC (EGFR (CYSTATIN C)),mL/min/1.73m2,62
NRBCMAN (NUCLEATED RBC MANUAL),/100 WBCs,62
PRL (PROLACTIN),ng/mL,61
PHOS (PHOSPHORUS | CDR EHS LAB LRR),mg/dL,60
UTIME (COLLECTION PERIOD),hrs,60
LYMP (LYMPHOCYTE % (MANUAL)),%,59
ANEUT (NEUTROPHILS # (MANUAL)),X10 3/uL,59
MON (MONOCYTES % (MANUAL)),%,59
POLYM (NEUTROPHILS % (MANUAL)),%,59
"TUTP (PROTEIN, URINE)",mg/24 h,58
"EBVQU1 (EBV BLOOD, PCR)",IU/mL,58
TRF (TRANSFERRIN),mg/dL,57
UALBEP (ALBUMIN),%,57
PGLU (RAPID GLUCOSE),mg/dL,57
VISCS1 (VISCOSITY),CENTIPOISES,56
ABASOS (BASOPHILS (#) | CDR SSHCC HEM LRR),K/uL,54
LYMPHS (LYMPHOCYTES (%) | CDR SSHCC HEM LRR),%,54
POLYS (NEUTROPHILS (%) | CDR SSHCC HEM LRR),%,54
ANEUTS (NEUTROPHIL (#) | CDR SSHCC HEM LRR),K/uL,54
ALYMPHS (LYMPHOCYTES (#) | CDR SSHCC HEM LRR),K/uL,54
TUGAMM (GAMMA-GLOBULIN),%,54
AEOS (EOSINOPHILS (#) | CDR SSHCC HEM LRR),K/uL,54
MONOS (MONOCYTES (%) | CDR SSHCC HEM LRR),%,54
EOS (EOSINOPHILS (%) | CDR SSHCC HEM LRR),%,54
SHBG (SEX HORMONE BIND GLOB),nmol/L,54
AMONOS (MONOCYTES (#) | CDR SSHCC HEM LRR),K/uL,54
BASOS (BASOPHILS (%) | CDR SSHCC HEM LRR),%,54
UALPH2EP (ALPHA 2-GLOBULIN),%,54
UALP1EP (ALPHA 1-GLOBULIN),%,54
UBETAEP (BETA-GLOBULIN),%,54
IMMGRAN (IMMATURE GRANULOCYTES # | CDR SSHCC HEM LRR),K/ul,54
IMMGRANPCT (IMMATURE GRANULOCYTES % | CDR SSHCC HEM LRR),%,54
META (METAMYELOCYTES % (MANUAL)),%,53
"EST (ESTRADIOL, S)",pg/mL,52
PACIDP (PROSTATIC ACID PHOS),ng/mL,52
MVD25H (25 OH VITAMIN D),ng/mL,52
PSA,ng/mL,52
GFR (GFR (ESTIMATED)),ml/min,52
DHEA,ng/mL,52
"TES (TESTOSTERONE,TOTAL)",ng/dl,51
SODIUM,mEq/L,51
ANDROS (DIHYDROTESTOSTERONE),pg/mL,51
K (POTASSIUM),mEq/L,51
ANDRO (ANDROSTENEDIONE),ng/dL,51
CL (CHLORIDE),mEq/L,51
AGRTO (A/G RATIO),Ratio,50
AST,U/L,50
CO2,mEq/L,50
PSA (PSA SCREENING (OLD)),ng/mL,50
"FE (IRON, SERUM)",ug/dL,49
TES (TESTOSTERONE | CDR SSHCC LAB LRR),NG/DL,49
BANDS (BAND NEUTROPHILS % MANUAL),%,49
TACRO (TACROLIMUS (FK506/BWH)),NG/ML,49
"PSA (PSA, SCREEN)",ng/mL,49
RDW,gm/dL,48
"TPCRE (TOTAL PROTEIN CREAT RATIO, URINE)",MG/MG,47
ABASOP (BASOPHILS #),X10 3/uL,47
AEOSN (EOSINOPHILS #),X10 3/uL,47
AMONS (MONOCYTES #),X10 3/uL,47
FRT4M (FREE T4),ng/dL,47
BASOS (BASOPHILS %),%,46
UASAMOR (AMORPHOUS CRYSTALS),/hpf,46
IMMGRAN (IMMATURE GRANULOCYTE %),%,46
ANEU (NEUTROPHILS #),X10 3/uL,46
POLYS (NEUTROPHILS %),%,46
IMMGRAN (IMMATURE GRANULOCYTE #),X10 3/uL,46
AEO (EOSINOPHILS #),X10 3/uL,46
ALYMP (LYMPHOCYTE #),X10 3/uL,46
MONOS (MONOCYTES %),%,46
CRPT (C-REACTIVE PROTEIN),mg/L,46
ABASO (BASOPHILS #),X10 3/uL,46
ADENODNA (ADENOVIRUS RT QT PCR),copies/mL,45
MYELO (MYELOCYTES % (MANUAL)),%,45
MPSU6 (ALPHA 1-GLOBULIN),%,44
MPSU5 (ALBUMIN),%,44
MPSU12 (M SPIKE),mg/24hrs,44
MPSU1 (TOTAL PROTEIN),mg/24 h,44
MPSU3 (URINE VOLUME),mL,44
MPSU8 (BETA-GLOBULIN),%,44
MPSU7 (ALPHA 2-GLOBULIN),%,44
MPSU9 (GAMMA-GLOBULIN),%,44
MPSU11 (M SPIKE),mg/24hrs,44
MPSU2 (COLLECTION DURATION),h,44
MPSU4 (CONCENTRATION),mg/dL,44
TEST (TESTOSTERONE [BLOOD]),ng/dl,43
AFPTM (AFP (NON-MATERNAL)),ng/mL,43
GALACTAG (GALACTOMANNAN AG (INDEX)),Index,43
TSH (THYROID STIMULATING HORMONE),u[iU]/mL,43
EOSP (EOSINOPHILS % (MANUAL)),%,42
ATYPS (ABS REACTIVE LYMPHS),K/uL,42
LDH (LACTATE DEHYDROGENASE),U/L,41
PSAULT (PSA (DIAGNOSTIC) | CDR EHS LAB LRR),ng/mL,40
PAP (PROSTATIC ACID PHOS),ng/mL,40
ATYPL (ATYPICAL LYMPHS),%,40
ABASO (BASOPHILS % (MANUAL)),%,40
TROPT (TROPONIN-T),ng/mL,40
TRYPT (TRYPTASE),ng/mL,40
MG (MAGNESIUM | CDR SSHCC LAB LRR),mg/dL,39
LDLDIR (DIRECT LDL),mg/dL,39
PHOS (PHOSPHORUS LEVEL | CDR MRMC LAB LRR),mg/dL,38
BLASTS (BLASTOCYTES % (MANUAL)),%,38
ESTF2 (ESTRADIOL),pg/mL,38
CHROMG (CHROMOGRANIN A),ng/mL,37
FSLYMP (FISSURED LYMPHS),%,36
FLYMPHA (ABS FISSURED LYMPHS),K/uL,35
ATYPS (REACTIVE LYMPHOCYTES (MANUAL)),%,35
DHEASLF (DHEA-SULFATE),ug/ml,35
DBILI (DIRECT BILIRUBIN | CDR MRMC LAB LRR),mg/dL,35
"TES (TESTOSTERONE, TOTAL)",ng/dl,34
FESAT (IRON SATURATION),%,34
UOSM (URINE OSMOLALITY),mOsm/kg water,34
PROMYELO (PROMYELOCYTES % (MANUAL)),%,34
MYELOS,%,34
LYMPH (LYMPHOCYTES % | CDR MRMC HEM LRR),%,33
GRAN (ABSOLUTE GRANULOCYTES (CBC) | CDR MRMC HEM LRR),10*/uL,33
ANEUT (ABSOLUTE NEUTROPHIL | CDR MRMC HEM LRR),10*3/uL,33
"PSA (PSA, PROSTATE SPECIFIC ANTIGEN)",ng/ml,33
ABASO (ABSOLUTE BASOPHILS (CBC) | CDR MRMC HEM LRR),10*3/uL,33
PHOS (PHOSPHORUS | CDR SSHCC LAB LRR),mg/dL,33
AMONO (ABSOLUTE MONOCYTES (CBC) | CDR MRMC HEM LRR),10*3/uL,33
AEO (ABSOLUTE EOSINOPHILS (CBC) | CDR MRMC HEM LRR),10*3/uL,33
MONO (MONOCYTES % | CDR MRMC HEM LRR),%,33
TACRO (TACROLIMUS),ng/mL,33
ALYMPH (ABSOLUTE LYMPHOCYTES (CBC) | CDR MRMC HEM LRR),10*3/uL,33
POLY (NEUTROPHILS % | CDR MRMC HEM LRR),%,33
FER (FERRITIN),ng/ml,33
UTIME (COLLECTION DURATION),h,32
"TROPTHS (TROPONIN-T, HS GEN5)",ng/L,32
EO (EOSINOPHILS % | CDR MRMC HEM LRR),%,31
BAND (BAND NEUTROPHILS % | CDR MRMC HEM LRR),%,31
ATYPS (ATYPICAL LYMPHOCYTES % | CDR MRMC HEM LRR),%,31
BUNCRE (BUN/CREAT RATIO | CDR EHS LAB LRR),RATIO,30
ALKP (ALKALINE PHOSPHATASE | CDR MRMC LAB LRR),IU/L,30
BLASTS (BLAST CELLS % | CDR MRMC HEM LRR),%,30
MYELO (MYELOCYTES % | CDR MRMC HEM LRR),%,30
AATYP (ABSOLUTE ATYPS),K/uL,30
META (METAMYELOCYTES % | CDR MRMC HEM LRR),%,30
PHOS (PHOSPHOROUS),mg/dL,30
BASO (BASOPHILS % | CDR MRMC HEM LRR),%,30
PROMYELO (PROMYELOCYTES % | CDR MRMC HEM LRR),%,30
PSA,ng/ml,29
PCELL (PLASMA CELL),%,29
UTVOL (URINE VOLUME),ML,29
UTIME (COLLECTION DURATION),H,29
AMYEL (ABSOLUTE MYELOS),K/UL,29
"TUTPMGDL (PROTEIN, TIMED UR (12 HR CONCENTRATION))",mg/dL,29
"TUTPMGDL (PROTEIN, TIMED UR (12 HR CONCENTRATION))",MG/DL,28
MMA (METHYLMALONIC ACID),nmol/mL,27
WBC (WHITE BLOOD COUNT),10*3/uL,27
CRPRTN (C-REACTIVE PROTEIN),mg/L,27
IC (IOCA),mmol/L,27
HCVRNAQ (HCV RNA DETECT/QNT),IU/mL,27
LACT (LACTIC ACID (MMOL/L)),mmol/L,27
PLT (PLATELET COUNT),10*3/uL,27
T3U (T3 UPTAKE),%,27
IGG (Immunoglobulin G),mg/dL,27
CEA,NG/ML,26
IGM (Immunoglobulin M),mg/dL,26
AMORPH (AMORPHOUS CRYSTALS),/HPF,26
IGA (Immunoglobulin A),mg/dL,26
FOLATE (FOLATE (FOLIC ACID)),ng/mL,26
TIBC (TOTAL IRON BINDING CAPACITY),ug/dL,25
CAOX (CA OX CRYSTALS),/HPF,25
13BGLUC (FUNGITELL QUANTITATIVE VALUE),pg/mL,25
UASCAOX (CA OX CRYSTALS),/hpf,25
ALKPHB (BONE ALKALINE PHOS),mcg/L,25
UP (URINE PHOSPHORUS),mg/dL,25
ANEUTS (ABSOLUTE NEUTS),th/cmm,25
HBVDNAI (HBV DNA DETECT/QNT),IU/mL,24
CD4 (CD3+ CD4+ (ABS)),/uL,24
"PT (PROTIME, PATIENT | CDR EHS HEM LRR)",seconds,24
APLASMA (ABSOLUTE PLASMA CELLS),K/uL,24
"SARSCOV2SPQT (SARS-COV-2 ANTIBODY, SPIKE (QUANTITATIVE))",U/mL,23
FER (FERRITIN),ng/mL,23
UPR (URINE PROTEIN (ADULT)(May be o),mg/dL,23
TES (TOTAL TESTOSTERONE | CDR EHS LAB LRR),ng/dL,23
"ANEU (ANC, ABSOLUTE NEUTROPHIL COUNT)",cell/mm3,23
B12 (VITAMIN B12),pg/ml,23
DFIBC (TOT IRON BINDING CAP),ug/dL,22
BETAEP (BETA GLOBULIN),g/dL,22
"TROPTHS (TROPONIN-T, HIGH SENSITIVITY (GEN 5))",ng/L,22
CTX (COLLAGEN CTX),pg/mL,22
INTERL6 (INTERLEUKIN 6),pg/mL,22
CD1656 (CD16/56+ (PCT)),% lymphs,21
OSM (OSMOLALITY),mOsm/kg water,21
PSAPCTF (% FREE PROSTATE SPECIFIC AG CALC | CDR MRMC LAB LRR),%,21
PSA (PROSTATE SPECIFIC ANTIGEN TOTAL | CDR MRMC LAB LRR),ng/mL,21
MVP (MEAN PLATELET VOLUME | CDR MRMC HEM LRR),fl,21
19PLUSPCT (CD3- CD19+ (PCT)),%Lymphs,21
PSAFREE (FREE PROSTATE SPECIFIC ANTIGEN | CDR MRMC LAB LRR),ng/mL,21
ANAQN (ANA (QUANT)),U,20
NRBCMI (NUCLEATED RBC MANUAL),/100 WBC,20
PROLYM (PROLYMPHOCYTE % | CDR MRMC HEM LRR),%,20
TES (TOTAL TESTOSTERONE | CDR MRMC LAB LRR),ng/dL,20
NEUT (NEUTROPHILS %),%,20
ANEUT (NEUTROPHILS #),X10 3/uL,20
LYMP (LYMPHOCYTE %),%,20
MG (MAGNESIUM | CDR EHS LAB LRR),mg/dL,20
MON (MONOCYTES %),%,20
"TRG (THYROGLOBULIN, IMMUNOASSAY)",NG/ML,19
FTES (FREE TESTOSTERONE | CDR MRMC LAB LRR),pg/mL,19
PSA (PROSTATE SPECIFIC ANTIGEN SCRN),ng/mL,19
THYGAB (THYROGLOBULIN AB),IU/ML,19
DHEAS,mcg/dL,19
NSEN (NEURON SPEC ENOLASE),ng/mL,19
SARSCOV2I (SARS-COV-2 ANTIBODY INDEX),COI,19
"TROPI (TROPONIN I, HIGH SENSITIVITY)",ng/L,19
ALPH2EP (ALPHA 2 GLOBULIN),g/dL,18
FIB (FIBRINOGEN (BWH)),MG/DL,18
META (METAMYELOCYTES %),%,18
"ALBCRE (ALBUMIN,CREAT RATIO)",mg/g,18
TRF (TRANSFERRIN),mg/dl,18
BHCG (HCG BETA),mIU/mL,18
UMALB (MICROALBUMIN),mg/L,18
UCRE (CREATININE),mg/dL,18
ALPH1EP (ALPHA 1 GLOBULIN),g/dL,18
FTES (FREE TESTOSTERONE | CDR EHS LAB LRR),pg/mL,17
BANDS (BANDS | CDR EHS HEM LRR),%,17
FRKLC (FREE KAPPA LT CHAIN),mg/L,16
IMMGRANPCT (IMMATURE GRANULOCYTES | CDR EHS HEM LRR),%,16
BANDS (BAND NEUTROPHILS %),%,16
FRLLC (FREE LAMBDA LT CHAIN),mg/L,16
OTHERS (OTHER CELLS %),%,16
IMMGRAN (IMMATURE GRANULOCYTE NO. | CDR EHS HEM LRR),10^3/uL,16
UK (URINE POTASSIUM),mmol/L,16
"TSH (TSH PLASMA,THYROID STIMULATING)",uIU/mL,16
"13BGLUC (1,3 BETA D GLUCAN)",pg/mL,16
TUMONOCP (M SPIKE),MG/24,16
TSH (THYROID STIMULATING HORMONE (TSH) | CDR MRMC LAB LRR),uIU/mL,16
URIC (URIC ACID),MG/DL,15
CD8AB (CD3+ CD8+ (ABS)),/uL,15
PROMABS (ABSOLUTE PROMYELOS),K/uL,15
FESAT (% IRON SATURATION),%,15
FOLATE,ng/ml,15
MONOCLP (M SPIKE),g/dL,15
NRBCPCT (NUCLEATED RBC),/100 WBCs,15
NRBC (NUCLEATED RED CELL),/100 WBC,15
"RHF (RHEUMATOID FACTOR, S)",IU/ML,15
C4 (COMPLEMENT C4),mg/dL,14
HAP (HAPTOGLOBIN),mg/dl,14
UASYEAS (BUDDING YEAST),/hpf,14
MACTH1 (ACTH),pg/mL,14
CPEPN (C-PEPTIDE),ng/mL,14
"ALKPI (AP ISO, INTESTINE %)",%,13
"ALKP (ALK PHOS, TOTAL)",U/L,13
ALKPL1 (APISO LIVER1 (IU/L)),IU/L,13
"ALKPL1 (AP ISO, LIVER-1 %)",%,13
ALKPI (APISO INTEST (IU/L)),IU/L,13
ALKPB (APISO BONE (IU/L)),IU/L,13
"ALKPB (AP ISO, BONE %)",%,13
ALKPL2 (APISO LIVER2 (IU/L)),IU/L,13
C3 (COMPLEMENT C3),mg/dL,13
"ALKPL2 (AP ISO, LIVER-2 %)",%,13
MG (MAGNESIUM),mg/dl,13
PLTPLASMA (PLATELET - CITRATED),K/uL,13
GAMMA (G-GLOBULIN),g/dL,13
AGRTO (A/G RATIO),RATIO,13
ALBEP (ALBUMIN ELECTROPHORESIS),g/dL,13
CALPRO (CALPROTECTIN),mcg/g,13
INSL (INSULIN),uU/mL,13
3PCT (CD3+ (PCT)),%lymphs,12
HBSAB,mIU/mL,12
CD3AB (CD3+ CD4+ (PCT)),%lymphs,12
ALYMPHS (ABSOLUTE LYMPH COUNT),/uL,12
FE (IRON),ug/dl,12
CD3CD8 (CD3+ CD8+ (PCT)),%lymphs,12
TIBC (TOTAL IRON BINDING CAPACITY),ug/dl,12
PHOS (PHOSPHORUS),MG/DL,12
"CHOLM (CHOLESTEROL,TOTAL)",mg/dL,12
"KAPFLC (FREE KAPPA LT CHAINS,S)",mg/L,12
"LFLC (FREE LAMBDA LT CHAINS,S)",mg/L,12
3PCT (CD3+ (PCT)),%Lymphs,12
"HDLMYO (CHOLESTEROL, HDL)",mg/dL,12
TRIGM (TRIGLYCERIDES),mg/dL,12
CD3AB (CD3+ CD4+ (PCT)),%Lymphs,12
LDLM (CALCULATED LDL),mg/dL,12
CD3CD8 (CD3+ CD8+ (PCT)),%Lymphs,12
CEA (CEA (OLD)),ng/mL,12
CD45 (CD45+ (PCT)),% lymphs,12
B2MIC (BETA 2 MICROGLOBULIN),mg/L,11
HAPT1 (HAPTOGLOBIN),mg/dL,11
PBCD34 (PERIPHERAL BLD CD34),CD34+CELLS/UL,11
COPPR (COPPER),mcg/mL,11
TSH,uIU/L,11
MGLU (ESTIMATED AVERAGE GLUCOSE),mg/dL,11
"CUSERUM (COPPER, SERUM)",mcg/dL,10
"TES (TESTOSTERONE, TOTAL (NG/DL))",ng/dL,10
TCD34 (TOT CD34 CELL CT),X 10^8,10
TNCCKG (TOT NUCL CELL CT/KG),X 10^8,10
FTES (FREE TESTOSTERONE),pg/mL,10
META (METAMYELOCYTES | CDR EHS HEM LRR),%,10
CMVG (CMV IGG),EIU,10
VITD3 (VITAMIN D 25 HYDROXY),ng/mL,10
CD34KG (TOT CD34+ CELLS/KG),X 10^6,10
UCA (URINE CALCIUM),mg/dL,10
TNCC (TOT NUCL CELL CT),X 10^10,10
CCNT (TOT CELLS COUNTED),COUNTED,10
UASTRAN (TRANSITIONAL EPITH),/hpf,10
AMETAS (METAMYELOCYTE NO. | CDR EHS HEM LRR),10^3/uL,10
NRBCPCT (NUCLEATED RBC | CDR EHS HEM LRR),/100 WBC,9
HDL (HDL CHOLESTEROL | CDR MRMC LAB LRR),mg/dL,9
MALCR (CREATININE),mg/dL,9
HDL (HDL CHOLESTEROL),mg/dL,9
"MALRAT (ALBUMIN,CREAT RATIO)",mg/g,9
DIHY (DIHYDROTESTOSTERONE(QUEST NICH),ng/dl,9
TRIG (TRIGLYCERIDES LEVEL | CDR MRMC LAB LRR),mg/dL,9
MYELO (MYELOCYTES %),%,9
GCAST (GRANULAR CAST),/lpf,9
LDL (LDL-CHOLESTEROL),mg/dL,9
FVII (FACTOR VII),%,9
HWT (PATIENT HARVEST WEIGHT (KG)),KG,9
QSHBG (SEX HORM BINDING GLB  (QUEST N),nmol/L,9
VITB6 (VITAMIN B6),mcg/L,9
QDHEAS (DHEA-SULFATE(QUEST)),ug/dL,9
ESTR (ESTRADIOL),pg/ml,9
CPKMB (CKMB),ng/mL,9
BTRI (TRIGLYCERIDE),mg/dL,9
ALBEP (ALBUMIN),g/dL,9
25VITD (VITAMIN D 25 HYDROXY),ng/mL,8
RRATE (RESPIRATORY RATE),RR,8
FIO2C (FIO2),%,8
GAMMEP (GAMMA GLOBULIN),g/dL,8
LHMYO (LUTEINIZING HORMONE),IU/L,8
LDL (LDL CHOLESTEROL | CDR MRMC LAB LRR),mg/dL,8
CHOL (CHOLESTEROL LEVEL | CDR MRMC LAB LRR),mg/dL,8
T3UP (T3 UPTAKE),%,8
CHOL (CHOLESTEROL),MG/DL,8
O2SAT (OXYGEN SATURATION),%,8
UUA (URINE URIC ACID),mg/dL,8
MCRALB (MICROALBUMIN),mg/L,8
TUMONOCP (M SPIKE),not reported,8
FOLATE,ng/mL,8
LOPM (O2 LITERS PER MIN.),L/M,8
CA199 (CA 19-9 (OLD)),U/mL,8
TSH3 (TSH CASCADE),u[iU]/mL,8
FIB (FIBRINOGEN),mg/dl,8
PT (PROTHROMBIN TIME),SEC,8
HR (HEART RATE),BPM,8
"CRYOG (CRYOGLOBULIN,S)",%ppt,8
AMYELOS (MYELOCYTE NO. | CDR EHS HEM LRR),10^3/uL,7
TTGABA (TTG IGA ANTIBODY),U/mL,7
LDLCAL (LDL CHOLESTEROL CALCULATED),mg/dL,7
IGG (IMMUNOFIXATION IGG | CDR MRMC LAB LRR),mg/dL,7
IGM (IMMUNOFIXATION IGM | CDR MRMC LAB LRR),mg/dL,7
TP (PROTEIN ELECTROPHORESIS (T) | CDR MRMC LAB LRR),g/dL,7
ANTCCP (ANTI CCP),EliA U/mL,7
"IGM (IGM, IMMUNOGLOBULIN M)",mg/dl,7
"IGG (IGG, IMMUNOGLOBULIN G)",mg/dl,7
GLU (RAPID GLUCOSE),mg/dL,7
UABLD (RBC URINE),/HPF,7
PTT (PTT ACT PARTIAL THROMBOPLASTIN),Sec,7
AFPC (ALPHA-FETOPROTEIN),ng/mL,7
UAUROBI (UROBILINOGEN URINE),{EhrlichU}/dL,7
ALPH1EP (ALPHA-1-GLOBULINS | CDR MRMC LAB LRR),g/dL,7
TES (TESTOSTERONE),NG/DL,7
"IGA (IGA, IMMUNOGLOBULIN A)",mg/dl,7
ALPH2EP (ALPHA-2-GLOBULINS | CDR MRMC LAB LRR),g/dL,7
IGA (IMMUNOFIXATION IGA | CDR MRMC LAB LRR),mg/dL,7
BGGLOB (BETA GAMMA GLOBULIN | CDR MRMC LAB LRR),g/dL,7
"INTERL2RS (INTERLEUKIN 2 RECEPTOR (CD25), SOLUBLE)",pg/mL,7
UCL (URINE CHLORIDE),mmol/L,7
EPOMAY (ERYTHROPOIETIN),mIU/mL,7
FTES (TESTOSTERONE FREE),pg/mL,7
HDLP (HIGH DENS.LIPOPROT),mg/dl,7
MYELO (MYELOCYTES | CDR EHS HEM LRR),%,7
FRETES (FREE TESTOSTERONE),ng/dL,7
VWFP (VW FACTOR),%,6
RBC (RBC | CDR SSHCC HEM LRR),M/mm3,6
CSFGLU (CSF GLUCOSE),mg/dL,6
"CRGSP1 (CRYOGLOBULIN,S)",% ppt,6
"WBCCSF2 (WBC, CSF (TUBE 2))",/ul,6
PT (PROTHROMBIN TIME | CDR MRMC HEM LRR),SEC,6
WBCCL (WBC CLUMPS),/hpf,6
WBC (WHITE BLOOD CELL COUNT | CDR SSHCC HEM LRR),K/mm3,6
"UCREADLT (CREATININE, URINE (ALDULTERANT))",mg/dL,6
IGE,kU/L,6
UMG (URINE MAGNESIUM),mg/dL,6
VWFACTIVITY (VWF ACTIVITY),%,6
CORT (CORTISOL),mcg/dL,6
VITB1 (VITAMIN B1),nmol/L,6
"KAPFLC (FREE KAPPA LIGHT CHAINS, QUANT | CDR MRMC LAB LRR)",mg/L,6
K (POTASSIUM | CDR CRMA LAB LLR),mEq/L,6
PRODCD34K (TOTAL CD34/KG),E6,6
PRODCD34 (TOT CD34 CELL CT),E8,6
NORMET (NORMETANEPHRINE),nmol/L,6
"LFLC (FREE LAMBDA LIGHT CHAINS, QUANT | CDR MRMC LAB LRR)",mg/L,6
MVP (MEAN PLATELET VOLUME | CDR SSHCC HEM LRR),fl,6
FRBC (FLUID RBC),/uL,6
CSFTP (CSF TOTAL PROTEIN),mg/dl,6
CHRL (CHOLESTEROL),mg/dl,6
PLT (PLATELET COUNT | CDR SSHCC HEM LRR),K/mm3,6
CA199 (CA19-9),[iU]/mL,6
FRUCSM (FRUCTOSAMINE),mcmol/L,6
FSHORM (FSH),IU/L,6
METAN (METANEPHRINE),nmol/L,6
MGLU (ESTIMATED AVERAGE GLUCOSE | CDR MRMC LAB LRR),mg/dL,6
HEPFONDA (ANTI FXA FONDAPARINUX),mg/L,6
TSH (TSH | CDR EHS LAB LRR),uIU/mL,6
TUMONOCP (M SPIKE),mg/24 h,6
TRYPT (TRYPTASE),ug/L,6
UAALB (URINE PROTEIN | CDR MRMC HEM LRR),MG/DL,6
UAKET (URINE KETONES | CDR MRMC HEM LRR),MG/DL,6
UAGLUC (URINE GLUCOSE | CDR MRMC HEM LRR),MG/DL,6
MCHC (MEAN CORPUSCULAR HGB CONC | CDR SSHCC HEM LRR),g/dl,6
MCH (MEAN CORPUSCULAR HEMOGLOBIN | CDR SSHCC HEM LRR),pg,6
GGTL (GGT),U/L,6
GHBA1C (HEMOGLOBIN A1C | CDR MRMC LAB LRR),%,6
MCV (MEAN CORPUSCULAR VOLUME | CDR SSHCC HEM LRR),fl,6
FVIII (FACTOR VIII),%,6
FWBC (FLUID WBC),/uL,6
"CORTACTH1 (ACTH STIM, 60 MINS)",ug/dL,6
RDW (RED CELL DISTRIBUTION WIDTH | CDR SSHCC HEM LRR),%,6
BASOP (BASOPHILS %),%,6
"RBCCSF2 (RBC, CSF (TUBE 2))",/ul,6
RECIPHWGT (PT HARVEST WT (KG)),KG,6
"CORTACTH30 (ACTH STIM, 30 MINS)",ug/dL,6
ALDOS (ALDOSTERONE),ng/dL,5
IGG (IMMUNOGLOBULIN G | CDR EHS LAB LRR),mg/dL,5
UTVOL (TOTAL VOLUME),mL,5
"DBILI (BILIRUBIN,DIRECT)",mg/dl,5
"DBILI (BILIRUBIN, DIRECT | CDR EHS LAB LRR)",mg/dl,5
"UALPRAZ (ALPRAZOLAM, URINE)",ng/mL,5
VLDL,MG/DL,5
GLUPOC (GLUCOSE - POCT),mg/dL,5
HHV6DNA (HHV6 PCR QUANT),copies/mL,5
"ULOR (LORAZEPAM,URINE)",ng/mL,5
FRT3 (FREE T3),pg/mL,5
LYMEIGGB (IGG BANDS (KDA)),kDa,5
LYPH (LYMPHOID),%,5
LYMEIGMB (IGM BANDS (KDA)),kDa,5
MYEL (MYELOID),%,5
UAALB (PROTEIN URINE),mg/dL,5
KAPFLC (FREE K LIGHT CHAINS),mg/L,5
FER (FERRITIN | CDR EHS LAB LRR),ng/mL,5
UHM3BG (HYDROMORPHONE GLUCURONIDE),ng/mL,5
IGA (IMMUNOGLOBULIN A | CDR EHS LAB LRR),mg/dL,5
"UBUPGLUC (BUPRENORPHINE GLUCURONIDE, UR)",ng/mL,5
BLAS (BLAST),%,5
"HOMCYS (HOMOCYSTEINE,TOTAL)",umol/L,5
"PBH (HOMOCYSTEINE,TOTAL)",MCMOL/L,5
ANION (ANION GAP | CDR SSHCC LAB LRR),mEq/L,5
ERYT (ERYTHROID),%,5
"UNORBUP (NORBUPRENORPHINE, URINE)",ng/mL,5
"UNORDZ (NORDIAZEPAM, URINE)",ng/mL,5
"UNORBUPGL (NORBUPRENORPHINE GLUCURONIDE, UR)",ng/mL,5
UOXAGLUC (OXAZEPAM GLUCURONIDE),ng/mL,5
ULORGLUC (LORAZEPAM GLUCURONIDE),ng/mL,5
"UOXAZEP (OXAZEPAM, URINE)",ng/mL,5
"UM3G (MORPHINE-3-BETA GLUCURONIDE, URINE)",ng/mL,5
"UM6G (MORPHINE-6-BETA GLUCURONIDE, URINE)",ng/mL,5
"7ACLONZ (7-AMINOCLONAZEPAM, UR)",ng/mL,5
UOXYMORPH (OXYMORPHONE),ng/mL,5
UOXCOD (OXYCODONE),ng/mL,5
"UTEMAZ (TEMAZEPAM, URINE)",ng/mL,5
VICODIN (HYDROCODONE),ng/mL,5
UCODEINE (CODEINE),ng/mL,5
UHDRMOR (HYDROMORPHONE),ng/mL,5
"CORT (ACTH STIM, BASELINE)",ug/dL,5
"DSDNAIGG (DNA DOUBLE-STRANDED AB, IGG, S)",IU/ML,5
"PRODTNCC (TOTAL NUCLEATED CELLS, PRODUCT)",E10,5
DHTS1 (DIHYDROTESTOSTERONE),pg/mL,5
"NOROXY (NOROXYCODONE, URINE)",ng/mL,5
UMORPH (MORPHINE),ng/mL,5
UASURAC (URIC ACID CRYSTALS),/hpf,5
UAUROBI (URINE UROBILINOGEN | CDR MRMC HEM LRR),E.U./DL,5
"TNCCKG (TOTAL NUCLEATED CELLS, PRODUCT/KG)",E8,5
PRMY (PROMYELO),%,5
UAWBCSCR (WBC URINE),/HPF,5
HBVQU1 (HBV DNA DETECT/QNT),IU/mL,5
LFLC (FREE LAMBDA LIGHT CHAINS),mg/L,5
"UBUNPUR (BUPRENORPHINE, UR (QUANT))",ng/mL,5
AMYEL (ABSOLUTE MYELOS),K/uL,5
"UNALOXNE (NALOXONE, URINE)",ng/mL,5
"PSAULT (PSA, ULTRASENSITIVE W/O SERIAL)",ng/mL,5
UAEPIS (EPITHELIAL CELLS URINE),/HPF,4
ALPH1EP (ALPHA 1 GLOBULIN | CDR EHS LAB LRR),g/dL,4
HCVQU1 (HCV RNA DETECT/QNT),IU/mL,4
MPV,fL,4
LAMBFREE (LAMBDA FREE LIGHT CHAINS | CDR EHS LAB LRR),mg/dL,4
KAPLCF (KAPPA FREE LIGHT CHAINS | CDR EHS LAB LRR),mg/dL,4
XAAB (ANTI XA),IU/mL,4
HR2 (HEART RATE 2),BPM,4
LAIGG (SS-B/LA IGG),U,4
O2SAT2 (OXYGEN SATURATION 2),%,4
ALPH1EP (ALPHA-1-GLOBULIN),g/dL,4
ALPH2EP (ALPHA 2 GLOBULIN | CDR EHS LAB LRR),g/dL,4
IGA (IMMUNOGLOBULIN A QN SERUM),mg/dL,4
FSP (FIBRINOGEN DEGRADATION PRODUCTS),mcg/mL,4
"GLOB (GLOBULIN, TOTAL)",g/dL,4
GLOB (GLOBULIN|CDR MRMC LAB),g/dL,4
IGG (IMMUNOGLOBULIN G QN SERUM),mg/dL,4
PTT (ACTIVATED PARTIAL THROMBOPLAST TIME | CDR MRMC HEM LRR),SEC,4
RENIN (RENIN ACTIVITY),ng/ml/h,4
ALBEP (ALBUMIN (ELECTROPH.) | CDR EHS LAB LRR),g/dL,4
"RHUT1 (RHEUMATOID FACTOR, S)",IU/mL,4
GLOB (TOTAL GLOBULIN),g/dL,4
PT (PROTHROMBIN TIME),Seconds,4
PT (PROTHROMBIN TIME),s,4
MMACID (METHYLMALONIC ACID),umol/L,4
GAMMEP (GAMMA (ELECTROPHORESIS) | CDR EHS LAB LRR),g/dL,4
ALPH2EP (ALPHA-2-GLOBULIN),g/dL,4
FE (IRON (FE)),ug/dl,4
"FE (IRON, SERUM)",UG/DL,4
UMONOCP (M SPIKE),mg/24 h,4
EOSP (EOSINOPHILS %),%,4
FGF23 (FB GROWTH FACTOR 23),RU/mL,4
GBM (GBM AB),U,4
MONOCLP (PROTEIN ELECTROPHORESIS M-SPIKE),g/dL,4
MONOCLP (M-SPIKE),g/dL,4
CRP (C REACTIVE PROTEIN),mg/L,4
CRCL (ESTIMATED CREATININE CLEARANCE | CDR SSHCC LAB LRR),ml/min,4
FIB (Fibrinogen),mg/dL,4
DFFL (FISSURED LYMPHS),%,4
SHBG1 (SEX HORMONE BIND GLOB),nmol/L,4
FIO2C2 (FIO2C 2),%,4
TP (TOTAL PROTEIN (ELECTROPH.) | CDR EHS LAB LRR),g/dL,4
UASTRIP (TRI PHOS CRYSTALS),/hpf,4
LOPM2 (O2 LITERS PER MIN.),L/M,4
CEA (CEA | CDR SSHCC LAB LRR),ng/ml,4
BETAEP (BETA GLOBULINS | CDR MRMC LAB LRR),g/dL,4
BETAEP (BETA GLOBULIN | CDR EHS LAB LRR),g/dL,4
B2M (BETA-2-MICROGLOBULIN | CDR MRMC LAB LRR),mg/L,4
"B2M (BETA-2 MICROGLOBULIN, SERUM)",mg/L,4
URIC (URIC ACID | CDR MRMC LAB LRR),mg/dL,4
"IGM (IMMUNOGLOBULIN M, SERUM (ARUP) | CDR EHS LAB LRR)",mg/dL,4
IGM (IMMUNOGLOBULIN M QN SERUM),mg/dL,4
VITDT (25-HYDROXY VITAMIN D TOTAL | CDR MRMC LAB LRR),ng/mL,4
"TIBC (TIBC, TOTAL IRON BINDING CAP)",ug/dl,4
DDTZ (D-DIMER QUANTITATIVE),NG/ML,4
RRATE2 (RESPIRATORY RATE 2),RR,4
PGLU (RAPID GLUCOSE),MG/DL,4
B12 (VITAMIN B12 LEVEL | CDR MRMC LAB LRR),pg/mL,4
ROIGG (SS-A/RO IGG),U,4
T4 (T4 THYROXINE),ug/dL,4
UEOS (URINE EOSINOPHILS),/hpf,4
ACLIGM (ANTICARDIOLIPIN IGM),CU,3
AEOS (ABSOLUTE EOSINOPHIL COUNT | CDR SSHCC HEM LRR),K/mm3,3
PLT,K/ul,3
PLT (PLATELET COUNT | CDR CRMA HEM LRR),K/uL,3
EO (EOSINOPHILS | CDR SSHCC HEM LRR),%,3
EOS (EOSINOPHIL % | CDR SSHCC HEM LRR),%,3
TBILI (TBILI | CDR CRMA LAB LLR),mg/dL,3
PLTPOST (POST PLT CT.),K/uL,3
PLTYPPCELLBM (POLYTYPIC PC PER ALL PLASMA CELLS),%,3
POLY (NEUTROPHILS | CDR SSHCC HEM LRR),%,3
CA (CALCIUM | CDR CRMA LAB LLR),mg/dL,3
CA125,U/mL,3
TIBC,ug/dL,3
TIBC (TOTAL IRON BINDING CAPACITY | CDR MRMC LAB LRR),mcg/dL,3
VITD3125DOH (25 OH VITAMIN D TOTAL),ng/mL,3
"VITDDOH (VITAMIN D 1,25-DIHYDROXY | CDR MRMC LAB LRR)",pg/mL,3
"VITDDOH (VITAMIN D, 1,25 (OH)2, TOTAL)",pg/mL,3
"13BDGV (1,3 BETA D GLUCAN)",pg/mL,3
VALP (TOTAL VALPROIC ACID),mcg/mL,3
A1C (HEMOGLOBIN A1C),%,3
5HIAATU (TIMED URINE 5HIAA),mg/24 h,3
"VITD2125HDOH (VITAMIN D2, 1,25 (OH)2)",pg/mL,3
VITD3 (25 OH VITAMIN D3),ng/mL,3
"VITD3125DOH (1, 25 (OH) 2 VITAMIN D3)",pg/mL,3
RETIC,%,3
A1AT (ALPHA-1-ANTITRYPSIN),mg/dL,3
VITD2 (25 OH VITAMIN D2),ng/mL,3
AEOSN (EOSINOPHILS (#)),K/uL,3
ANEU (NEUTROPHILS (#)),K/uL,3
IMMGRAN (IMMATURE GRANULOCYTES  (#)),K/ul,3
TRF (TRANSFERRIN | CDR MRMC LAB LRR),mg/dL,3
NONHDL (NON HDL CHOLESTEROL),mg/dL,3
EOSP (EOSINOPHILS (%)),%,3
MYELO (MYELOCYTES | CDR SSHCC HEM LRR),%,3
NEUT (NEUTROPHILS (%)),%,3
AMONOS (ABSOLUTE MONOCYTE | CDR SSHCC HEM LRR),K/mm3,3
MONO (MONOCYTES | CDR SSHCC HEM LRR),%,3
MONOS (MONOCYTE% | CDR SSHCC HEM LRR),%,3
ALYMPHS (LYMPHOCYTE# | CDR SSHCC HEM LRR),K/mm3,3
TROPI (TROPONIN I),ng/mL,3
FOLATE (FOLATE | CDR EHS LAB LRR),ng/mL,3
SMTYPPCELLBM (MONOTYPIC PLASMA CELLS S-PHASE),%,3
SODIUM | CDR CRMA LAB LLR,mEq/L,3
ABNPROT (PEP ABNORMAL PROTEIN BAND 1 | CDR MRMC LAB LRR),g/dL,3
ACL (ANTICARDIOLPIN),GPL,3
CD426PCT (CD4+CD26- (PCT)),% lymphs,3
CD7 (CD7+ (PCT)),% lymphs,3
T3 (TRIIODOTHYRONINE T3 TOTAL),ng/mL,3
DFIBC (TOTAL IRON BINDING CAPACITY),UG/DL,3
CEA (CARCINOEMBRYONIC ANTIGEN | CDR MRMC LAB LRR),ng/mL,3
CER (CERULOPLASMIN),mg/dL,3
DLDL (DIRECT LDL),mg/dL,3
ANEUTS (ABSOLUTE NEUTROPHIL COUNT | CDR SSHCC HEM LRR),K/mm3,3
POLYS (NEUTROPHILS% | CDR SSHCC HEM LRR),%,3
TRIG (TRIGLYCERIDES),MG/DL,3
"TRIG (TRIGLYCERIDES,S)",mg/dL,3
CD425 (CD4+CD25+ (PCT)),% lymphs,3
UASRBC (URINE RBC | CDR EHS HEM LRR),/HPF,3
LPANMOLL (LIPOPROTEIN(A)),nmol/L,3
UASWBC (URINE WBC | CDR EHS HEM LRR),/HPF,3
UAUROBI (URINE UROBILINOGEN | CDR EHS HEM LRR),mg/dL,3
UAUROBI (UROBILINOGEN URINE),mg/dL,3
BASOS (BASOPHIL % | CDR SSHCC HEM LRR),%,3
UAWBC (URINE LEUKO ESTERASE | CDR EHS HEM LRR),WBC/uL,3
ALT (ALT (SGPT) | CDR CRMA LAB LLR),U/L,3
ALKP (ALP | CDR CRMA LAB LLR),U/L,3
UAGLUC (URINE GLUCOSE | CDR EHS HEM LRR),mg/dL,3
UAKET (URINE KETONE | CDR EHS HEM LRR),mg/dL,3
UAALB (URINE PROTEIN | CDR EHS HEM LRR),mg/dL,3
UABILI (URINE BILIRUBIN | CDR EHS HEM LRR),mg/dL,3
"TUTP (URN PROTEIN, MG/24HR)",mg/24hr,3
HDLP (HIGH DENS.LIPOPROT),mg/dL,3
HGB (HEMOGLOBIN | CDR CRMA HEM LRR),g/dL,3
HCT (HEMATOCRIT | CDR CRMA HEM LRR),%,3
"HDL (CHOLESTEROL, HDL, S)",mg/dL,3
LDH (LDH | CDR SSHCC LAB LRR),U/L,3
MC2729 (CA 27-29),U/ML,3
GFR (GFR | CDR CRMA LAB LLR),mL/min/1.73m^2,3
LYMP (LYMPHOCYTES (%)),%,3
LYMPH (LYMPHOCYTES | CDR SSHCC HEM LRR),%,3
LYMPHS (LYMPHOCYTE% | CDR SSHCC HEM LRR),%,3
B1GLOBULIN (BETA-1-GLOBULIN),g/dL,3
B2GLOBULIN (BETA-2-GLOBULIN),g/dL,3
NH3 (AMMONIA),umol/L,3
MTYPPCELTLBM (MONOTYPIC PC PER TOTAL EVENTS),%,3
FOLATE (FOLATE | CDR MRMC LAB LRR),ng/mL,3
CA199C (CA19-9),U/mL,3
CACORRECTED (CORRECTED CALCIUM | CDR CRMA LAB LLR),mg/dL,3
"PBH (HOMOCYSTEINE,TOTAL)",nmol/mL,3
FE (IRON LEVEL | CDR MRMC LAB LRR),mcg/dL,3
FE (IRON | CDR EHS LAB LRR),ug/dL,3
"TP (PROTEIN, TOTAL | CDR CRMA LAB LLR)",g/dL,3
OCAST (TOTAL CASTS URINE),/LPF,3
FER (FERRITIN | CDR MRMC LAB LRR),ng/mL,3
NRBCAB (NRBC ABSOLUTE),K/UL,3
ACLIGG (ANTICARDIOLIPIN IGG),CU,3
"CHOL (CHOLESTEROL, TOTAL,S)",mg/dL,3
CHRL (CHOLESTEROL),mg/dL,3
PREALB (PREALBUMIN),mg/dL,3
WBC (WBC COUNT),K/uL,3
WBC (WHITE BLOOD CELL COUNT | CDR CRMA HEM LRR),k/uL,3
WBCCL (WBC CLUMPS),/HPF,3
IMMGRANPCT (IMMATURE GRANULOCYTES (%)),%,3
CRE (CREATININE | CDR CRMA LAB LLR),mg/dL,3
CREATOP (CREATININE 24 HR URINE),mg/total output,3
IGF1 (IGF-1 (SOMATOMEDIN C)),ng/mL,3
ALYMP (LYMPHOCYTES (#)),K/uL,3
MON (MONOCYTES (%)),%,3
META (METAMYELOCYTES | CDR SSHCC HEM LRR),%,3
MCH (MCH | CDR CRMA HEM LRR),pg,3
MCHC (MCHC | CDR CRMA HEM LRR),g/dL,3
GLU (GLUCOSE | CDR CRMA LAB LLR),mg/dL,3
G6PD (GLUCOSE 6 PD),U/g Hb,3
BAND (BANDS | CDR SSHCC HEM LRR),%,3
BUN (BUN | CDR CRMA LAB LLR),mg/dL,3
MCV (MCV | CDR CRMA HEM LRR),fL,3
UABLD (URINE BLOOD | CDR EHS HEM LRR),mg/dL,3
ATYPS (ATYPICAL LYMPHS | CDR SSHCC HEM LRR),%,3
PTT (PARTIAL THROMBOPLASTIN TIME),s,3
SGOT (AST (SGOT) | CDR CRMA LAB LLR),U/L,3
SGOT (AST/SGOT | CDR SSHCC LAB LRR),U/L,3
SGPT (ALT/SGPT | CDR SSHCC LAB LRR),U/L,3
3ABS (CD3+ (ABS)),/uL,3
PTT (PTT ACT PARTIAL THROMBOPLASTIN),Seconds,3
PTYPPCELLTBM (POLYTYPIC PC PER TOTAL EVENTS),%,3
ABASOS (ABSOLUTE BASOPHIL COUNT | CDR SSHCC HEM LRR),K/mm3,3
ALB (ALB | CDR CRMA LAB LLR),g/dL,3
BASO (BASOPHILS | CDR SSHCC HEM LRR),%,3
BASOP (BASOPHILS (%)),%,3
ABASOP (BASOPHILS  (#)),K/uL,3
CMBG (CALC MEAN BLD GLUC),mg/dL,3
CO2 (CO2 | CDR CRMA LAB LLR),mEq/L,3
CL (CHLORIDE | CDR CRMA LAB LLR),mEq/L,3
RBC (RED BLOOD CELL COUNT | CDR CRMA HEM LRR),M/uL,3
RDW (RDW | CDR CRMA HEM LRR),%,3
"ZINC (ZINC, S)",mcg/dL,3
ZSCORE (Z SCORE),SD,3
AMONS (MONOCYTES (#)),K/uL,3
"IGG (IMMUNOGLOBULIN G, QN, SERUM)",mg/dL,2
ZN (ZINC),mcg/mL,2
CORTISOLAM (CORTISOL AM),ug/dL,2
RBCU (RBC UA),per HPF,2
ALDOL (ALDOLASE),U/L,2
UTP (URINE TOTAL PROTEIN),mg/dL,2
VNA (URINE SODIUM (ADULT)(May be or),mmol/L,2
UALP1EP (ALPHA-1 GLOBULIN),mg/24 h,2
UALPH2EP (ALPHA 2-GLOBULIN),not reported,2
UALPH2EP (ALPHA-2 GLOBULIN),mg/24 h,2
UASBACT (BACTERIA),per HPF,2
AFPC (AFP (non-maternal)),ng/mL,2
AFPC (ALPHA-FETOPROTEIN),NG/ML,2
AGRTO (A/G RATIO),%,2
PTINR (INR | CDR SSHCC HEM LRR),RATIO,2
PTT (ACTIVATED PTT | CDR EHS HEM LRR),seconds,2
"SERO (SEROTONIN, SERUM)",NG/ML,2
RETIC (RETICULOCYTE COUNT AUTO),%,2
CORT (CORTISOL RANDOM),ug/dL,2
VWF (von WILLEBRAND FAC.),%,2
UUN (URINE UREA NITROGEN),mg/dL,2
"VITD3125DOH (1,25 DIHYDROXY VITAMIN D3 | CDR MRMC LAB LRR)",pg/mL,2
25VITD (VITAMIN D 25 HYDROXY | CDR EHS LAB LRR),ng/mL,2
"CA125 (CA125, CANCER ANTIGEN 125)",U/mL,2
"THYGAB (THYROGLOBULIN ANTIBODY, S)",IU/mL,2
TIBC (IRON BINDING CAPACITY | CDR EHS LAB LRR),ug/dL,2
PLTP (POST PLT CT.),K/UL,2
PHOS (PHOSPHOROUS | CDR CRMA LAB LLR),mg/dL,2
"PLA2RABIGG (PLA2R,ELISA)",RU/mL,2
"DSDNAIGG (DSDNA AB, IGG, S)",IU/mL,2
ASPAG (ASPERGILLUS AG),INDEX,2
TACRO (TACROLIMUS),NG/ML,2
CKISBB (CK BB FRACTION),%,2
CKISMB (CK MB FRACTION),%,2
ATIIIF (ANTITHROMBIN III),%,2
B12 (B12 | CDR EHS LAB LRR),pg/mL,2
BHCG (HCG BETA),MIU/ML,2
BKVDNAUR (UBK VIRUS),IU/mL,2
KAPLCF (KAPPA FREE LIGHT CHAIN),mg/dL,2
IRON,ug/dL,2
JO1IGG (JO 1 IGG),U,2
INTERL2 (INTERLEUKIN 2),pg/mL,2
"IGA (IMMUNOGLOBULIN A, QN, SERUM)",mg/dL,2
UBYT (Budding Yeast),/hpf,2
UBYT (URINE BUDDING YEAST),/HPF,2
CKISMM (CK MM FRACTION),%,2
CKM (CREATINE KINASE),U/L,2
PROMY (PROMYELO),%,2
PROMYELO (PROMYELOCYTES | CDR SSHCC HEM LRR),%,2
"PSAFREE (PSA, FREE)",ng/ml,2
PRALBM (PREALBUMIN),mg/dL,2
TOTLCK (TOTAL CK ACTIVITY),U/L,2
F8A (FACTOR 8 ANTIGEN),%,2
F8F (FACTOR 8 FUNCTIONAL),%,2
"ERYPOI (ERYTHROPOIETIN (EPO), SERUM)",mIU/mL,2
ESTR (ESTRONE),pg/mL,2
APIXIBAN (ANTI-XA APIXABAN),ng/mL,2
APROM (ABS PROMYELOCYTES),K/UL,2
ALKPHB (BONE ALKALINE PHOS),not reported,2
CA199C (CA 19-9),U/mL,2
CAGTTR (COLD HEMAGGLUTININS),titer,2
UBETAEP (BETA GLOBULIN),mg/24 h,2
UBETAEP (BETA-GLOBULIN),not reported,2
UBKV (URINE BK VIRUS),DNA copies/mL,2
UASWBC (WBC - UA),per HPF,2
UASMUC (MUCOUS | CDR EHS HEM LRR),/LPF,2
UASSQUA (SQUAMOUS CELLS),per HPF,2
HCGQT (HCG (QUANTITATIVE)),IU/L,2
"TP (PROTEIN,SERUM TOTAL)",g/dL,2
TPO (THYROID PEROXIDASE AB),IU/mL,2
"TPO (THYROPEROXIDASE AB, S)",IU/mL,2
DIG (DIGOXIN),ng/mL,2
DPER (COLLECTION PERIOD),hrs,2
DFFLA (ABS FISSURED LYMPHS),K/UL,2
DFFLA (ABS FISSURED LYMPHS),K/uL,2
DFVOL (URINE VOLUME),mL,2
"ST0 (ACTH STIM, BASELINE)",mcg/dL,2
"ST30 (ACTH STIM, 30 MINS)",mcg/dL,2
"ST60 (ACTH STIM, 60 MINS)",mcg/dL,2
SHBG (SEX HORM. BIND. GLOB.),nmol/L,2
SMC (INSULIN-LIKE GROWTH FACTOR 1),ng/mL,2
"SMIGG (SM AB, IGG, S)",U,2
TRYPTS (TRYPTASE),ng/mL,2
TSH (SCREENING PANEL: TSH),uIU/mL,2
FESAT (IRON SATURATION %),%,2
FESAT (% SATURATION | CDR EHS LAB LRR),%,2
GAST (GASTRIN),pg/ml,2
GASTRN (GASTRIN),pg/mL,2
FPSA (FREE PSA              (INCLUDE),%,2
B2GPG (B2-GLYCOPROT IGG),CU,2
B2GPM (B2-GLYCOPROT IGM),CU,2
LDLDIR (LDL CHOLESTEROL DIRECT | CDR MRMC LAB LRR),mg/dL,2
LAMBFREE (LAMBDA FREE LIGHT CHAIN),mg/dL,2
LAMOT (LAMOTRIGINE),mcg/mL,2
M2AB (MITOCHONDRIAL AB M2),U,2
UALP1EP (ALPHA 1-GLOBULIN),not reported,2
TUGAMM (GAMMA GLOBULIN),mg/24 h,2
TUGAMM (GAMMA-GLOBULIN),not reported,2
TSII (TSI),TSI index,2
TT3 (TOTAL T3),ng/dL,2
TUCA (CALCIUM OUTPUT),mg/total output,2
UALBEP (ALBUMIN),mg/24 h,2
BONALK (BONE ALKALINE PHOS),ug/L,2
BP180 (BP 180 IGG AB),RU/mL,2
BP230IGG (BP 230 IGG AB),RU/mL,2
MEAGLY (CAL MEAN GLUCOSE),mg/dl,2
GLUPOC (BEDSIDE GLUCOSE | CDR MRMC LAB LRR),mg/dL,2
FT (FREE THYROXINE),ng/dL,2
MGLU (ESTIMATED AVERAGE GLUCOSE),mg/dl,2
PT (PT | CDR SSHCC HEM LRR),SECS,2
PTH (PARATHYROID HORMONE INTACT),pg/mL,2
"IGE (IMMUNOGLOBULIN E, QN, SERUM)",IU/mL,2
HGEIGGT (ANAPLASMA PHAGOCYTOPHILUM AB I),titer,2
IL2R (INTERLEUKIN 2 RECEPTOR),pg/mL,2
"IGM (IMMUNOGLOBULIN M, QN, SERUM)",mg/dL,2
PT (PROTHROMBIN TIME PATIENT | CDR SSHCC LAB LRR),secs,2
A1C (GLY A1C EQUIVALENT),%,2
70000043003 (IMMATURE RETICULOCYTE FRACTION),%,2
70000043004 (RETICULOCYTE HEMOGLOBIN CONTEN),pg/cell,2
VEGF (VAS ENDOTHL GROW FC),pg/mL,2
"UTP (PROTEIN, TOT, RAN)",mg/dL,2
"VITD2125HDOH (1,25 DIHYDROXY VITAMIN D2 | CDR MRMC LAB LRR)",pg/mL,2
AATYP (ABS REACTIVE LYMPHS),K/uL,2
VCL (URINE CHLORIDE (ADULT)(May be ),mmol/L,1
5020044623 (CA 125 ANTIGEN | CDR MRMC LAB LRR),U/mL,1
"5202000446 (TOTAL PROTEIN, 24 HR, U)",mg/24 h,1
5202000447 (COLLECTION DURATION),h,1
5202000448 (URINE VOLUME),mL,1
5230000703 (INTERLEUKIN 12),pg/mL,1
5230000704 (INTERFERON GAMMA),pg/mL,1
5230000706 (INTERLEUKIN 5),pg/mL,1
5230000707 (INTERLEUKIN 10),pg/mL,1
5230000709 (INTERLEUKIN 17),pg/mL,1
5230000710 (INTERLEUKIN 1 BETA),pg/mL,1
5230000712 (INTERLEUKIN 8),pg/mL,1
5230000713 (TUMOR NECROSIS FACTOR - ALPHA),pg/mL,1
"5HIAATU (5-HIAA, URINE)",mg/L,1
"5HIAATU (5-HIAA,QN,RANDOM,UR)",mg/g Creat,1
70000023809 (IONIZED CALCIUM),mmol/L,1
VGKC (NEURONAL VGKC AB),nmol/L,1
VIP,pg/ml,1
AMY (AMYLASE LEVEL | CDR MRMC LAB LRR),U/L,1
AMYELOS (MYELOCYTES ABSOLUTE),10*3/uL,1
ANEU (ABS  NEUT),10*3/uL,1
ANEU (NEUTROPHILS ABSOLUTE MANUAL),10*3/uL,1
HGB (HEMOGLOBIN | CDR MVH HEM LRR),gm/L,1
HGBEQU (CHR),pg,1
HGBEQU (RETICULOCYTE HGB CONTENT (CHR) | CDR MRMC HEM LRR),pg,1
HISTAG (SER HISTOPLASMA AG),ng/mL,1
UCRE (UCREAT(480)),mg/dL,1
UCRE (URINE CREATININE | CDR MRMC LAB LRR),mg/dL,1
UGGP (GAMMA GLOBULIN),mg/dL,1
UMALB (MICROALB(480)),ug/mL,1
IGM (IMMUNOGLOBULIN M | CDR EHS LAB LRR),mg/dL,1
AMONOS (MONO# | CDR CRMA HEM LRR),K/uL,1
AMONS (ABS  MONO),10*3/uL,1
AMPHI (AMPHIPHYSIN AB),titer,1
BETAEP (BETA-GLOBULIN),%,1
BETAEP (BETA-GLOBULIN),g/dL,1
BONALK (BONE ALKALINE PHOS),mcg/L,1
AT3P (ANTI THROMBIN 3),%,1
"AVITE (VIT E, A-TOCOPHEROL)",mg/L,1
B12 (VITAMIN B12 | CDR SSHCC LAB LRR),pg/ml,1
"UCRE (CREATININE, R U)",mg/dL,1
"UCRE (CREATININE, RANDOM U)",mg/dL,1
INTERL8 (INTERLEUKIN 8),pg/mL,1
K (POTASSIUM | CDR NSMC LAB LRR),MEQ/L,1
KAPFLC (KAPPA QNT FREE LIGHT CHAINS),mg/L,1
KAPPA (KAPPA LIGHT CHAIN ANALYSIS | CDR MRMC LAB LRR),mg/L,1
KAPPAIGG (M-PROTEIN GK),g/dL,1
KAPPAIGM (M-PROTEIN MK),g/dL,1
LAMBDA (LAMBDA LIGHT CHAIN ANALYSIS | CDR MRMC LAB LRR),mg/L,1
LAMBDAIGM (M-PROTEIN ML),g/dL,1
PTT (PARTIAL THROMBOPLASTIN TIME | CDR MVH HEM LRR),SECONDS,1
PTT (PTT ACT PARTIAL THROMBOPLASTIN),SEC,1
QEPO (ERYTHROPOIETIN/QUEST),MU/ML,1
"RBC (RBC, AUTOMATED)",10*6/uL,1
"AFPTM (AFP TUMOR MARKER, S)",ng/mL,1
AGNA1 (AGNA-1),titer,1
PSAMON (PSA MONITORING | CDR NSMC LAB LRR),NG/ML,1
PSAPCTF (% FREE PSA),%,1
"DBILI (BILIRUBIN, DIRECT | CDR QUEST LAB LRR)",mg/dL,1
DBILI (DBILI | CDR CRMA LAB LLR),mg/dL,1
DBILI (DIRECT BILIRUBIN | CDR EHS LAB LRR),mg/dL,1
"DDTEST (D DIMER,QUANT)",ug/mlFEU,1
PTHRP (PTH RELATED PEPTIDE),pmol/L,1
PTT (APTT | CDR SSHCC HEM LRR),SEC,1
PTT (APTT),seconds,1
PTT (LUPUS ANTICOAGULANT PTT SCREEN|CDR MRMC LAB LRR),sec,1
RHF (RHEUMATOID FACTOR),[IU]/mL,1
"RHF (RHEUMATOID FACTOR, S)",IU/mL,1
"SCL70IGG (SCL 70 AB, IGG)",U,1
SGOT (AST | CDR NSMC LAB LRR),IU/L,1
SGOT (AST | CDR QUEST LAB LRR),U/L,1
SGPGM (MAG-SGPG IGM),titer,1
SGPT (ALT | CDR NSMC LAB LRR),IU/L,1
SGPT (ALT | CDR QUEST LAB LRR),U/L,1
CPK (CREATINE KINASE TOTAL),U/L,1
RETIC (RELATIVE RETIC),%,1
RETIC (RETICULOCYTE % | CDR EHS HEM LRR),%,1
RETIC (RETICULOCYTE COUNT (%) | CDR SSHCC HEM LRR),%,1
RETIC (RETICULOCYTE COUNT | CDR MRMC HEM LRR),%,1
"RETICADJ (RETIC (%), ADJUSTED)",%,1
RETICIMM (IMMATURE RETIC FRACTION | CDR EHS HEM LRR),%,1
RETICIMM (IMMATURE RETIC FRACTION),%,1
DFCLA (CREATININE CLEARANCE),mL/Min,1
DHEAND (DEHYDROEPIANDROSTRON),ng/mL,1
DRVVTSCR (DRVVT MIX INTERPRETATION (SCREEN) | CDR MRMC LAB LRR),sec,1
ANEUTS (NEUT# | CDR CRMA HEM LRR),K/uL,1
PROCG (PROCOLL I INTACT N),mcg/L,1
PROMABS (PROMYELOCYTES ABSOLUTE),10*3/uL,1
PROTCP (PROTEIN C),%,1
"PSA (PROSTATE SPECIFIC AG, SERUM)",ng/mL,1
"STLCMV (CMV PCR, STOOL)",copies/mL,1
STMA (STRIATIONAL ANTIBODY),titer,1
STRABG (STRONGYLOIDES IGG),not reported,1
ACBAB (ACH RECEPTOR BIND AB),nmol/L,1
ACETOM (ACETAMINOPHEN),mcg/mL,1
CEA,ng/ml,1
CEA (CARCINOEMBRYONIC ANTIGEN),ng/mL,1
CHOL (CHOLESTEROL (TOTAL) | CDR SSHCC LAB LRR),mg/dL,1
CRE (CREATININE - POCT),mg/dL,1
CRE (CREATININE | CDR NSMC LAB LRR),MG/DL,1
CREFLD (FLUID CREATININE),mg/dL,1
CRMPAB (CRMP-5-IGG),titer,1
CTX (COLLAGEN CTX),not reported,1
SODIUM | CDR NSMC LAB LRR,MEQ/L,1
SSAM1 (SS-A/RO IGG),U,1
SSBM1 (SS-B/LA IGG),U,1
PSAPCTF (FREE/TOTAL PSA),%,1
PSATOTSCRN (PSA (TOTAL AND SCREENING)),ng/mL,1
PSTF (PROTEIN S),%,1
PT (PROTHROMBIN TIME (RESULT)),SEC,1
PT (PROTIME),seconds,1
CPKMB (CKMB (RESULT)),ng/ml,1
CPNG (C-PEPTIDE),ng/mL,1
CPSA (COMPLEXED PSA),ng/mL,1
ARSCWB (ARSENIC),ng/mL,1
AST (AST(SGOT)),U/L,1
"DSDNA1 (DNA DOUBLE-STRANDED AB, IGG, S)",IU/mL,1
"EHCHTITR (EHRLICHIA CHAFF (HME) AB, IGG)",titer,1
ENTER (ENTEROVIRUS PCR),copies/mL,1
EO (EOSINOPHILS PERCENT MANUAL),%,1
"PGSN1 (PROGESTERONE, S)",ng/mL,1
PHGB (PLASMA HEMOGLOBIN),mg%,1
AEOSN (ABS  EOS),10*3/uL,1
TBG (THYROXIN BINDING GLOBULIN (TBG)),mcg/mL,1
TBGMAY (THYROID BIND. GLOB.),ug/mL,1
TBII,IU/L,1
"TBILI (BILIRUBIN, TOTAL | CDR QUEST LAB LRR)",mg/dL,1
ARETIC (ABSOLUTE RETIC COUNT (#) | CDR SSHCC HEM LRR),/ul,1
ARETIC (ABSOLUTE RETIC CT | CDR EHS HEM LRR),10^6/uL,1
ARETIC (RETIC COUNT),10*6/uL,1
CKMB (CK ISOENZYMES),ng/mL,1
ACLIGG (CARDIOLIPID IGG ANTIBODY | CDR MRMC LAB LRR),GPL U/mL,1
ACLIGM (CARDIOLIPID IGM ANTIBODY | CDR MRMC LAB LRR),MPL U/mL,1
ACTH,not reported,1
ACTIN (ACTIN SMOOTH MUSCLE ANTIBODY),U,1
ADENODNAUR (UR ADENOVIRUS QUANT),copies/mL,1
AEO (EOSINOPHILS ABSOLUTE MANUAL),10*3/uL,1
AEOS (EOS# | CDR CRMA HEM LRR),K/uL,1
PSA (PSA SCREEN),ng/ml,1
"PSAFREE (PSA, FREE)",ng/mL,1
PSAMON (PROSTATE SPECIFIC ANTIGEN | CDR MRMC LAB LRR),ng/mL,1
CHOL (CHOLESTEROL | CDR CRMA LAB LLR),mg/dL,1
CHOL (CHOLESTEROL | CDR EHS LAB LRR),mg/dL,1
CHOL (CHOLESTEROL),mg/dl,1
CHOLHDL (RISK FACTOR | CDR SSHCC LAB LRR),mg/dL,1
CHROMIUM,ng/mL,1
PCATR (PCA-TR),titer,1
ANION (ANION GAP),mEq/L,1
ANNA (ANTI NEURONAL NUCL AB),titer,1
ANNA2TITR (ANNA-2),titer,1
ANNA3 (ANNA-3),titer,1
AOTHR (ABSOLUTE OTHER CELLS),K/uL,1
APLSM (ABSOLUTE PLASMA CELLS),K/uL,1
ERYPOI (ERYTHROPOIETIN | CDR SSHCC LAB LRR),mIU/mL,1
ALKP (ALK PHOS | CDR NSMC LAB LRR),IU/L,1
ALKP (ALKALINE PHOSPHATASE | CDR QUEST LAB LRR),U/L,1
ALPH1EP (ALPH 1-GLOBULIN),%,1
ALPH1EP (ALPHA-1 GLOBULIN),g/dL,1
ALPH2EP (ALPHA 2-GLOBULIN),%,1
ALPH2EP (ALPHA-2 GLOBULIN),g/dL,1
"PBH (HOMOCYSTEINE,TOTAL)",mcmol/L,1
"PCAB1 (PARIETAL CELL AB,IGG)",U,1
TIBC,ug/mL,1
CA (CALCIUM | CDR NSMC LAB LRR),MG/DL,1
CA153 (CANCER AG 15-3),U/mL,1
CA199 (CA 19-9 ANTIGEN | CDR MRMC LAB LRR),U/mL,1
CA199C (CA19-9),U/ML,1
"CAABN (CA CHAN BIND AB, N)",nmol/L,1
"CAABPQ (CA CHAN BIND AB, P/Q)",nmol/L,1
"PARIETALCELL (PARIETAL CELL AB,IGG)",U,1
PLSM (PLASMA CELL),%,1
PLT (PLATELET COUNT | CDR MVH HEM LRR),K/mm3,1
POLY (NEUT PCT MANUAL),%,1
DDTEST (D-DIMER),ug/mlFEU,1
"TBILI (BILIRUBIN,TOTAL | CDR NSMC LAB LRR)",MG/DL,1
"TBILI (BILIRUBIN,TOTAL)",mg/dL,1
TCVL (CMV VIRAL LOAD),IU/ML,1
TCVL (CMV VIRAL LOAD),IU/mL,1
TRIG (TRIGLYCERIDES | CDR CRMA LAB LLR),mg/dL,1
TRIG (TRIGLYCERIDES | CDR SSHCC LAB LRR),mg/dL,1
FOLATE (FOLIC ACID | CDR SSHCC LAB LRR),ng/ml,1
FREET3 (TRIIODOTHYRONINE T3 FREE),pg/mL,1
FREET4 (FREE T4 | CDR SSHCC LAB LRR),ng/dl,1
FREET4 (FREE THYROXINE | CDR EHS LAB LRR),ng/dL,1
FREET4 (FREE THYROXINE | CDR MRMC LAB LRR),ng/dL,1
MTV3 (TOTAL VOLUME),h,1
TNT (TROPONIN-T),ng/mL,1
TOXOIGG (TOXOPLASMA IGG),EIU,1
"TP (PROTEIN, TOTAL | CDR QUEST LAB LRR)",g/dL,1
TP (TOTAL PROTEIN | CDR NSMC LAB LRR),G/DL,1
TP (TOTAL PROTEIN-ELECTROPHORESIS),g/dL,1
TREP (TRANSITIONAL EPITH),/HPF,1
TREP (TRANSITIONAL EPITH),/hpf,1
TRIG (TRIGLYCERIDE | CDR EHS LAB LRR),mg/dL,1
"OSM (OSMOLALITY, SERUM/PLASMA)",mOSM/kg,1
OSM (SERUM OSMOLALITY | CDR EHS LAB LRR),mOsm/kg,1
OSTEOCAL (OSTEOCALCIN),ng/mL,1
OTHERS (OTHER CELLS % (MANUAL)),%,1
PANPOLY (PANCR. POLYPEPTIDE),pg/mL,1
CD (BLOOD CADMIUM),ng/mL,1
CD34POS (PERIPHERAL BLD CD34),CD34+CELLS/uL,1
TNECF (TUMOR NECROSIS FACTOR ALPHA),pg/mL,1
ESR (ESR | CDR SSHCC HEM LRR),mm/Hr,1
ESTRNM (ESTRONE),pg/mL,1
ESTUCO (ESTRIOL UNCONJUGATE),ng/mL,1
FE (IRON | CDR CRMA LAB LLR),ug/dL,1
FER (FERRITIN | CDR SSHCC LAB LRR),ng/ml,1
NRBCA (NUCLEATED RBC (AUTO) | CDR EHS HEM LRR),/100 WBC,1
OSM (OSMOLALITY),mosm,1
"OSM (OSMOLALITY, S)",mOsm/kg,1
MGLU (MEAN BLOOD GLUCOSE | CDR SSHCC LAB LRR),mg/dL,1
MGLU (MEAN GLUCOSE | CDR CRMA LAB LLR),mg/dL,1
MHGB (METHGB),%,1
MLYRF2 (IGG WEST BLOT BANDS),band,1
MLYRF3 (IGG BANDS (KDA)),kDa,1
MLYRF4 (IGM WEST BLOT BANDS),band,1
MLYRF5 (IGM BANDS (KDA)),kDa,1
MON (MONO %),%,1
TSH (TSH WITH THYROID CASCADE | CDR EHS LAB LRR),uIU/mL,1
TSH (TSH | CDR SSHCC LAB LRR),uIU/ml,1
TSH3 (THYROID STIMULATING HORMONE),mIU/L,1
TT (THROMBIN TIME),sec.,1
TUTP (URINE PROTEIN | CDR MRMC LAB LRR),mg/24HR,1
"B12BCP (B12 BIND CAP, UNSAT)",pg/mL,1
B12BCP (VIT B12 BINDING CAP),pg/mL,1
"B12USAT (B12 BIND CAP, UNSAT)",pg/mL,1
GAMMEP (GAMMA-GLOBULIN),g/dL,1
GFR (EGFR | CDR NSMC LAB LRR),ml/min/1.73 sq meter,1
ALYMPH (LYMPHOCYTES ABSOLUTE MANUAL),10*3/uL,1
ALYMPHS (LYMPH# | CDR CRMA HEM LRR),K/uL,1
AMETAS (METAMYELOCYTES ABSOLUTE),10*3/uL,1
AMONO (MONOCYTES ABSOLUTE MANUAL),10*3/uL,1
MONOCLP (MONOCLONAL PROTEIN),g/dL,1
FESAT (FE SATURATION PERCENT),%,1
MVP (MEAN PLATELET VOLUME | CDR MVH HEM LRR),fL,1
NACHR (ACH GANGLIONIC NEURONAL AB),nmol/L,1
NCLOMP (NORCLOMIPRAMINE),ng/mL,1
NEUT (NEUT %),%,1
NONHDL (NON-HDL CHOLESTEROL | CDR EHS LAB LRR),mg/dL,1
EOSP (EOS %),%,1
GAMMEP (GAMMA),g/dL,1
GAMMEP (GAMMA-GLOBULIN),%,1
UALBP (ALBUMIN),%,1
UALBP (ALBUMIN),mg/dL,1
UASAMOR (AMORPHOUS SED),per HPF,1
HCT (HEMATOCRIT | CDR MVH HEM LRR),%,1
"HDL (CHOLESTEROL, HDL | CDR CRMA LAB LLR)",mg/dL,1
HDL (HDL CHOLESTEROL | CDR EHS LAB LRR),mg/dL,1
HDL (HDL-CHOLESTEROL (DIRECT) | CDR SSHCC LAB LRR),mg/dL,1
HG (BLD MERCURY),ng/mL,1
MCH (MEAN CORPUSCULAR HEMOGLOBIN | CDR MVH HEM LRR),pg,1
MCHC (MEAN CORPUSCULAR HGB CONC | CDR MVH HEM LRR),g/dl,1
MCV (MEAN CELL VOLUME | CDR MVH HEM LRR),fL,1
BANDS (BAND %),%,1
BUN (BUN | CDR NSMC LAB LRR),MG/DL,1
U5HIAAR (5-HIAA),mg/g creat,1
UA1GP (ALPHA-1 GLOBULIN),mg/dL,1
UA2G (ALPHA-2 GLOBULIN),mg/dL,1
GLOB (GLOBULIN | CDR MRMC LAB LRR),gm/dL,1
GLOB (GLOBULIN | CDR QUEST LAB LRR),g/dL (calc),1
GLU (GLUCOSE | CDR NSMC LAB LRR),MG/DL,1
GLUCAG (GLUCAGON),pg/mL,1
GLUPOC (FINGERSTICK GLUCOSE),mg/dL,1
GLUPOC (GLUCOSE (POC)),mg/dL,1
GRMALB (URINE RANDOM MICROALBUMIN | CDR MRMC LAB LRR),mg/dL,1
HAP (HAPTOGLOBIN | CDR SSHCC LAB LRR),MG/DL,1
MONO (MONOCYTES PERCENT MANUAL),%,1
ALT (ALT(SGPT)),U/L,1
ALYMP (ABS  LYMP),10*3/uL,1
FTES (FREE TESTOSTERONE | CDR MRMC LAB LRR),PG/ML,1
FXI (FACTOR XI),%,1
GGT (GGT (U/L)),U/L,1
GHBA1C (%HGBA1C | CDR CRMA LAB LLR),%,1
GHBA1C (GLYCOHEMOGLOBIN (A1C) | CDR SSHCC LAB LRR),%,1
IGA (IMMUNOGLOBULIN A),mg/dL,1
IGAKAPPA (M-PROTEIN AK),g/dL,1
IGALAMDA (M-PROTEIN AL),g/dL,1
IMMLYM (ATL PCT MANUAL),%,1
"INTERL10 (IL-10, SERUM)",pg/mL,1
INTERL13 (INTERLEUKIN 13),pg/mL,1
INTERL4 (INTERLEUKIN 4),pg/mL,1
"INTERL6 (INTERLEUKIN-6, SERUM)",pg/mL,1
LIPS (LIPASE | CDR MRMC LAB LRR),U/L,1
LK1 (LIVER-KIDNEY MICROSOMAL AB),U,1
UASMUC (MUCUS),per HPF,1
UASSQUA (URINE SQUAMOUS EPITHELIALS | CDR EHS HEM LRR),/LPF,1
UASTRAN (TRANSITIONAL EPITHELIAL CELLS | CDR EHS HEM LRR),/LPF,1
UAUROBI (URINE UROBILINOGEN | CDR MRMC HEM LRR),MG/DL,1
UBETAG (BETA GLOBULIN),mg/dL,1
"UBILI (BILIRUBIN, INDIRECT | CDR QUEST LAB LRR)",mg/dL (calc),1
LDH (LDH | CDR EHS LAB LRR),U/L,1
LDL (LDL CHOLESTEROL (CALC)),mg/dl,1
LDL (LDL CHOLESTEROL | CDR EHS LAB LRR),mg/dL,1
LDLCAL (LDL-CHOLESTEROL (CALC) | CDR SSHCC LAB LRR),mg/dL,1
LDLCAL (LDLC | CDR CRMA LAB LLR),mg/dL,1
LDLDIR (LDL CHOLESTEROL DIRECT),mg/dL,1
"LEAD (LEAD,B)",mcg/dL,1
LFLC (LAMBDA QNT FREE LIGHT CHAINS),mg/L,1
LYMP (LYMP %),%,1
LYMPH (LYMPH PCT MAN),%,1
MAGABM (MAG AB IGM),titer,1
MALBCRE (MICROALB/CREAT(480)),ug/mg creat,1
MALBCRE (URINE MICROALBUMIN/CREATININE RATIO | CDR MRMC LAB LRR),ug/mg Cr,1
GFRCYSTATINC (EGFR (CYSTATIN C)),mL/min/BSA,1
LAMBIGG (M-PROTEIN GL),g/dL,1
LDH (LACTATE DEHYDROGENASE | CDR MRMC LAB LRR),U/L,1
UTMET (TU METANEPHRINE),ug/24h,1
UTNMT (TU NORMETANEPHRINE),ug/24h,1
UTP (URINE PROTEIN | CDR MRMC LAB LRR),mg/dL,1
VITD3125DOH (1 25 DIHYDROXY VITAMIN D),pg/mL,1
UUNA (URINE SODIUM),mmol/L,1
3OHBT (BETA HYDROXYBUTYRATE),mmol/L,1
VARIGG (VARICELLA IGG),EIU,1
"VIP (VIP, PLASMA)",pg/mL,1
IGM (IGM | CDR SSHCC LAB LRR),MG/DL,1
UOSM (OSMOLALITY URINE),mosm,1
"UOSM (OSMOLALITY, U)",mosm/kg,1
UOSM (URINE OSMOLALITY | CDR EHS LAB LRR),mOsm/kg,1
URAC (URIC ACID CRYSTALS),/HPF,1
URIC (URIC ACID | CDR CRMA LAB LLR),mg/dL,1
URKLCF (URINE FREE KAPPA LIGHT CHAINS 24 HR | CDR MRMC LAB LRR),mg/L,1
"UT24 (URN PROTEIN, mg/24hr)",mg/24hr,1
YO2ABTITR (PCA-2),titer,1
IGG,mg/dL,1
IGG (IGG | CDR SSHCC LAB LRR),MG/DL,1
IGG1,mg/dl,1
IGG2,mg/dl,1
IGG3,mg/dl,1
IGG4,mg/dl,1
IGM,mg/dL,1
HISTCOM (UR HISTOPL AG NOTE),ng/mL,1
HIV1RNA (HIV-1 RNA QUANT),COPIES/ML,1
HIV1RNA (HIV-1 RNA QUANT),copies/mL,1
HWT (HARVEST WEIGHT (KG)),KG,1
IGA (IGA | CDR SSHCC LAB LRR),MG/DL,1
WBC (WHITE BLOOD CELL COUNT),10*3/uL,1
WBC (WHITE BLOOD COUNT | CDR MVH HEM LRR),K/mm3,1
YO1ABTITR (PCA-1),titer,1
RDW (RED CELL DISTRIBUTION WIDTH | CDR MVH HEM LRR),%,1
CL (CHLORIDE | CDR NSMC LAB LRR),MMOL/L,1
CLDH (CSF LDH),U/L,1
CLOM (CLOMIPRAMINE),ng/mL,1
CLOMIP (CLOMIP + NORCLOMIP),ng/mL,1
CO2 (CARBON DIOXIDE | CDR NSMC LAB LRR),MEQ/L,1
CO2 (CARBON DIOXIDE),mEq/L,1
COLHR3 (COLLECTION DURATION),mL,1
UTVOL (URINE TOTAL VOLUME | CDR MRMC LAB LRR),mL,1
AGRTO (ALBUMIN/GLOBULIN RATIO | CDR QUEST LAB LRR),(calc),1
ALB (ALBUMIN | CDR NSMC LAB LRR),g/dL,1
ALB (ALBUMIN | CDR QUEST LAB LRR),g/dL,1
ALB (ALBUMIN),gm/dL,1
ALDOLM (ALDOLASE),U/L,1
RBC (RED BLOOD CELL COUNT | CDR MVH HEM LRR),M/mm3,1
RCAST (RBC CAST),/lpf,1
VK (URINE POTASSIUM (ADULT)(May be),mmol/L,1
VTMNB6 (VITAMIN B6),ug/L,1
AATYPS (ATYPICAL LYMPH ABSOLUTE MAN),10*3/uL,1
ABANDS (BANDS ABSOLUTE MANUAL),10*3/uL,1
ABASO (BASOPHILS ABS MANUAL),10*3/uL,1
ABASOS (BASO# | CDR CRMA HEM LRR),K/uL,1
ABLAST (BLASTS ABSOLUTE),10*3/uL,1
UTTOTM (TU TOTAL METANEPHRINE),ug/24h,1
VISC (VISCOSITY),CPOISE,1
"VISC (VISCOSITY, SERUM)",cpoise,1
"VISC (VISCOSITY,SERUM)",rel to H2O,1
VITC (VITAMIN C),mg/dL,1
"VITDDOH (1,25 DIHYDROXYVITAMIN D)",pg/mL,1
VITDT (25 (OH)VITAMIN D TOTAL),ng/mL,1
VITDT (VITAMIN D (25-HYDROXY) | CDR SSHCC LAB LRR),ng/ml,1
"VITDT (VITAMIN D, 25 HYDROXY)",ng/mL,1
